PK;NOMBRE;DESCRIPCION-ENTIDAD;HORARIO;EQUIPAMIENTO;TRANSPORTE;DESCRIPCION;ACCESIBILIDAD;CONTENT-URL;NOMBRE-VIA;CLASE-VIAL;TIPO-NUM;NUM;PLANTA;PUERTA;ESCALERAS;ORIENTACION;LOCALIDAD;PROVINCIA;CODIGO-POSTAL;BARRIO;DISTRITO;COORDENADA-X;COORDENADA-Y;LATITUD;LONGITUD;TELEFONO;FAX;EMAIL;TIPO;
11025958;Asambleas de Evangelización Mundial para Cristo (AEMC);Templo evangélico;;;Metro: San Francisco (línea 11)  Bus: 108, 118, 121, 131, 47;;3;http://www.madrid.es/sites/v/index.jsp?vgnextchannel=bfa48ab43d6bb410VgnVCM100000171f5a0aRCRD&vgnextoid=2a060d28e4e5d610VgnVCM2000001f4a900aRCRD;ANTONIA RODRIGUEZ SACRISTAN;CALLE;V;8;;;;;MADRID;MADRID;28044;BUENAVISTA;CARABANCHEL;436747;4469402;40.372.800.292.475.500;-3.745.073.767.335.670;;;;/contenido/entidadesYorganismos/TemplosOtrasReligiones; 
4530770;Asociación Darse - Dar Ayuda para la Reinserción Social España;;;;Metro 5(calle Camino Viejo de Leganés 1):urgel;Entidad inscrita en el Censo Municipal de Entidades y Colectivos Ciudadanos.;0;http://www.madrid.es/sites/v/index.jsp?vgnextchannel=bfa48ab43d6bb410VgnVCM100000171f5a0aRCRD&vgnextoid=358393b8cb901110VgnVCM2000000c205a0aRCRD;ALTO DE SAN ISIDRO;CAMINO;V;16;2º C;C;;;MADRID;MADRID;28019;SAN ISIDRO;CARABANCHEL;438658;4472013;4.039.646.987.780.760;-37.228.134.710.524.600;676247792;;darseorg@gmail.com;/contenido/entidadesYorganismos/TemplosOtrasReligiones; 
11431772;Asociación Tiempo Para Cuidar;Templo evangélico;;;Metro: Palos de la Frontera (línea 3)  Bus:  102, 8;;3;http://www.madrid.es/sites/v/index.jsp?vgnextchannel=bfa48ab43d6bb410VgnVCM100000171f5a0aRCRD&vgnextoid=ed53eadaeea7a710VgnVCM1000001d4a900aRCRD;GENERAL LACY;CALLE;V;24;BAJA A;;;;MADRID;MADRID;28045;PALOS DE MOGUER;ARGANZUELA;441369;4472742;4.040.323.382.462.600;-3.690.948.499.497.660;;;;/contenido/entidadesYorganismos/TemplosOtrasReligiones; 
11431776;Asociación Visión Internacional;Templo evangélico;;;Metro: Torre Arias (línea 5)  Bus:  28, 48;;3;http://www.madrid.es/sites/v/index.jsp?vgnextchannel=bfa48ab43d6bb410VgnVCM100000171f5a0aRCRD&vgnextoid=3104eadaeea7a710VgnVCM1000001d4a900aRCRD;DISCOBOLO;CALLE;V;53;;;;;MADRID;MADRID;28022;CANILLEJAS;SAN BLAS-CANILLEJAS;448015;4477077;4.044.272.761.836.330;-3.612.983.497.525.040;;;;/contenido/entidadesYorganismos/TemplosOtrasReligiones; 
11026233;Casa sobre la Roca Iglesia Cristiana Integral - Madrid;Templo evangélico;;;Metro: Arturo Soria (línea 4)  Bus: 120, 122, 11, 70;;3;http://www.madrid.es/sites/v/index.jsp?vgnextchannel=bfa48ab43d6bb410VgnVCM100000171f5a0aRCRD&vgnextoid=0d9fb608d026d610VgnVCM2000001f4a900aRCRD;ULISES;CALLE;V;1;;;;;MADRID;MADRID;28043;COLINA;CIUDAD LINEAL;444411;4478618;40.456.371.724.419.700;-36.556.133.054.897.100;;;;/contenido/entidadesYorganismos/TemplosOtrasReligiones; 
3387;Catedral Anglicana de Madrid;;;;Metro: Alonso Martínez (líneas 4, 5, 10), Tribunal (líneas 1, 10)  Bus: 149, 3, 40, 37  Bicimad: Estación 54 (calle Barceló, 7) / estación 7 (calle Hortaleza, 75)  Aparcamiento: Barceló (69), calle Barceló, sin número / Arquitecto Ribera (Barceló) (17), calle Barceló, 2);;3;http://www.madrid.es/sites/v/index.jsp?vgnextchannel=bfa48ab43d6bb410VgnVCM100000171f5a0aRCRD&vgnextoid=94ef13db5b71c010VgnVCM1000000b205a0aRCRD;BENEFICENCIA;CALLE;NUM;18;;;;;MADRID;MADRID;28004;JUSTICIA;CENTRO;440734;4475314;4.042.635.120.982.080;-3.698.682.579.292.040;914 452 560 / 609 876 913;;anglicanspain@gmail.com;/contenido/entidadesYorganismos/TemplosOtrasReligiones; 
3388;Catedral Ortodoxa Griega. Santa Iglesia Catedral de los Santos Andrés y Demetrio;;;;Metro: Colombia (líneas 8, 9)  Bus: 7, 11, 40, 52, 87;;3;http://www.madrid.es/sites/v/index.jsp?vgnextchannel=bfa48ab43d6bb410VgnVCM100000171f5a0aRCRD&vgnextoid=82547b503a71c010VgnVCM1000000b205a0aRCRD;NICARAGUA;CALLE;V;12;;;;;MADRID;MADRID;28016;HISPANOAMERICA;CHAMARTIN;442946;4478760;4.045.754.917.910.680;-3.672.905.343.222.740;913 454 085 / 913 503 705;913 509 374;metropoliespo@yahoo.es;/contenido/entidadesYorganismos/TemplosOtrasReligiones; 
11030102;Centro Apostólico Cristo Viene;Templo evangélico;;;Metro: Almendrales (línea 3)  Bus: 123, 23, 18, 22, 59, 76, 79, 85, 86;;3;http://www.madrid.es/sites/v/index.jsp?vgnextchannel=bfa48ab43d6bb410VgnVCM100000171f5a0aRCRD&vgnextoid=cec2be0e48e6d610VgnVCM2000001f4a900aRCRD;ANTONIO LOPEZ;CALLE;V;236;1;;;;MADRID;MADRID;28026;ALMENDRALES;USERA;440917;4470580;40.383.724.492.823.500;-36.960.683.266.163.900;;;;/contenido/entidadesYorganismos/TemplosOtrasReligiones; 
7063869;Centro Cristiano Ciudad de Refugio;Templo evangélico;;;Metro: San Cristóbal (línea 3)  Bus: 59, 79  Cercanías: San Cristóbal del los Ángeles;;3;http://www.madrid.es/sites/v/index.jsp?vgnextchannel=bfa48ab43d6bb410VgnVCM100000171f5a0aRCRD&vgnextoid=9d28ec795b750410VgnVCM2000000c205a0aRCRD;GODELLA;CALLE;V;103;1;D;;;MADRID;MADRID;28021;SAN CRISTOBAL;VILLAVERDE;441595;4465935;4.034.192.622.597.720;-36.876.586.251.390.400;;;;/contenido/entidadesYorganismos/TemplosOtrasReligiones; 
3751;Centro Cultural Islámico. Mezquita de Madrid;;;;Metro: Parque de las Avenidas: (línea 7), Barrio de la Concepción (línea 7)  Bus: 53, 122;;3;http://www.madrid.es/sites/v/index.jsp?vgnextchannel=bfa48ab43d6bb410VgnVCM100000171f5a0aRCRD&vgnextoid=a3b71e79ee71c010VgnVCM1000000b205a0aRCRD;SALVADOR DE MADARIAGA;CALLE;V;7;;;;;MADRID;MADRID;28027;SAN PASCUAL;CIUDAD LINEAL;444248;4476638;40.438.521.492.191.300;-36.573.640.044.493.400;913 262 610;;info@centro-islamico.com;/contenido/entidadesYorganismos/TemplosOtrasReligiones; 
7066102;Centro de Evangelización Anuncio de Paz;Templo evangélico;;;Metro: Nueva Numancia (línea 1)  Bus: 10, 111, 24, 310, 136, 54, 57, 58;;3;http://www.madrid.es/sites/v/index.jsp?vgnextchannel=bfa48ab43d6bb410VgnVCM100000171f5a0aRCRD&vgnextoid=17bb8105e2260410VgnVCM2000000c205a0aRCRD;PUERTO DEL MONASTERIO;CALLE;V;10;BAJO;;;;MADRID;MADRID;28053;SAN DIEGO;PUENTE DE VALLECAS;443545;4471788;4.039.477.355.030.100;-3.665.233.691.809.310;;;;/contenido/entidadesYorganismos/TemplosOtrasReligiones; 
7064897;Centro Evangélico de Restauración Aliento de Vida;Templo evangélico;;;Metro: Sierra de Guadalupe (línea 1)  Bus: 130, T31  Cercanías: Vallecas;;3;http://www.madrid.es/sites/v/index.jsp?vgnextchannel=bfa48ab43d6bb410VgnVCM100000171f5a0aRCRD&vgnextoid=03479bd56dc50410VgnVCM2000000c205a0aRCRD;PUERTO DE LAS PILAS;CALLE;V;12;;;;;MADRID;MADRID;28031;CASCO H.VALLECAS;VILLA DE VALLECAS;446793;4469998;4.037.887.387.719.390;-36.268.000.188.410.100;;;;/contenido/entidadesYorganismos/TemplosOtrasReligiones; 
11025954;Christ International Ministries;Templo evangélico;;;Bus: 83, 133;;3;http://www.madrid.es/sites/v/index.jsp?vgnextchannel=bfa48ab43d6bb410VgnVCM100000171f5a0aRCRD&vgnextoid=3ab50d28e4e5d610VgnVCM2000001f4a900aRCRD;LA ALBERCA;CALLE;V;1;;;;;MADRID;MADRID;28035;FUENTELARREINA;FUENCARRAL-EL PARDO;436372;4481073;4.047.790.731.731.750;-3.750.655.777.091.980;;;;/contenido/entidadesYorganismos/TemplosOtrasReligiones; 
11025949;Christ Missions Evangelical Church;Templo evangélico;;;Bus: T41    Cercanías: (C4, C5)    Metro: Villaverde Alto (línea 3);;3;http://www.madrid.es/sites/v/index.jsp?vgnextchannel=bfa48ab43d6bb410VgnVCM100000171f5a0aRCRD&vgnextoid=96350d28e4e5d610VgnVCM2000001f4a900aRCRD;CIUDAD DE FRIAS;;V;18;;;;;MADRID;MADRID;28021;VILLAVERDE ALTO C.H.;VILLAVERDE;439369;4465530;4.033.811.971.589.470;-3.713.824.312.166.020;;;;/contenido/entidadesYorganismos/TemplosOtrasReligiones; 
7064962;Comunidad Cristiana Decisión;Templo evangélico;;;Metro: Canillejas (línea 5)  Bus: 77;;3;http://www.madrid.es/sites/v/index.jsp?vgnextchannel=bfa48ab43d6bb410VgnVCM100000171f5a0aRCRD&vgnextoid=6b760ac0dfc50410VgnVCM2000000c205a0aRCRD;MEQUINENZA;CALLE;V;20;local;;;;MADRID;MADRID;28022;CANILLEJAS;SAN BLAS-CANILLEJAS;448653;4477623;4.044.768.356.828.440;-3.605.497.309.069.590;;;;/contenido/entidadesYorganismos/TemplosOtrasReligiones; 
3740;Comunidad Cristiana Eben-Ezer de la Villa de Vallecas;;;;Metro: Congosto (línea 1)  Bus: 54, 142;;3;http://www.madrid.es/sites/v/index.jsp?vgnextchannel=bfa48ab43d6bb410VgnVCM100000171f5a0aRCRD&vgnextoid=04750a47f441f010VgnVCM2000000c205a0aRCRD;SIERRA DE TORTEJADA;CALLE;V;2;;;;;MADRID;MADRID;28031;CASCO H.VALLECAS;VILLA DE VALLECAS;447525;4469177;4.037.152.812.090.630;-36.181.096.496.598.000;;;;/contenido/entidadesYorganismos/TemplosOtrasReligiones; 
7065794;Comunidad cristiana Eben-ezer de Pueblo Nuevo;;;;Bus: 105;;3;http://www.madrid.es/sites/v/index.jsp?vgnextchannel=bfa48ab43d6bb410VgnVCM100000171f5a0aRCRD&vgnextoid=ac0a5ac33d160410VgnVCM2000000c205a0aRCRD;JULIAN CAMARILLO;CALLE;V;39;;;;;MADRID;MADRID;28037;SIMANCAS;SAN BLAS-CANILLEJAS;446993;4476322;4.043.586.084.470.140;-36.249.632.986.560.300;;;;/contenido/entidadesYorganismos/TemplosOtrasReligiones; 
7065892;Comunidad cristiana El Faro;Templo evangélico;;;Bus: 24, 10, 111, 310  Metro: Nueva Numancia (línea 1);;3;http://www.madrid.es/sites/v/index.jsp?vgnextchannel=bfa48ab43d6bb410VgnVCM100000171f5a0aRCRD&vgnextoid=306150adce160410VgnVCM2000000c205a0aRCRD;SIERRA DE ALCUBIERRE;CALLE;V;2;;;;y 4;MADRID;MADRID;28053;SAN DIEGO;PUENTE DE VALLECAS;443374;4471548;4.039.261.217.147.170;-36.672.087.802.537.800;;;;/contenido/entidadesYorganismos/TemplosOtrasReligiones; 
7065996;Comunidad Cristiana Maranatha;Templo evangélico;;;Metro: Menéndez Pelayo (línea 1)    Bus: 24, 37, 54, 57, 102, 141, 152;;3;http://www.madrid.es/sites/v/index.jsp?vgnextchannel=bfa48ab43d6bb410VgnVCM100000171f5a0aRCRD&vgnextoid=429604a5d0260410VgnVCM2000000c205a0aRCRD;GRANADA;CALLE;V;8;;;;;MADRID;MADRID;28007;PACIFICO;RETIRO;442293;4472936;4.040.503.855.717.770;-36.800.894.670.027.300;;;;/contenido/entidadesYorganismos/TemplosOtrasReligiones; 
11431015;Comunidad Cristiana Misionera Newma España;Templo evangélico;;;Bus: 22, 79;;3;http://www.madrid.es/sites/v/index.jsp?vgnextchannel=bfa48ab43d6bb410VgnVCM100000171f5a0aRCRD&vgnextoid=f086eafcd367a710VgnVCM1000001d4a900aRCRD;ANGOSTA;CALLE;V;2;3ª;D;;;MADRID;MADRID;28021;VILLAVERDE ALTO C.H.;VILLAVERDE;439586;4466223;4.034.437.332.233.980;-37.113.397.899.660.100;;;;/contenido/entidadesYorganismos/TemplosOtrasReligiones; 
11431093;Comunidad Eben-Ezer Dios Es Amor;;;;Metro: Miguel Hernández (línea 1)  Bus: 10, 144, 310, 57;;3;http://www.madrid.es/sites/v/index.jsp?vgnextchannel=bfa48ab43d6bb410VgnVCM100000171f5a0aRCRD&vgnextoid=ae7498f0f567a710VgnVCM1000001d4a900aRCRD;VILLALOBOS;CALLE;V;11;;local;;;MADRID;MADRID;28018;PALOMERAS SURESTE;PUENTE DE VALLECAS;445077;4470354;40.381.966.779.984.300;-3.647.037.080.630.480;;;;/contenido/entidadesYorganismos/TemplosOtrasReligiones; 
7065908;Comunidad Evangélica de habla alemana;Templo evangélico;;;Metro: Colón (línea 4)  Bus:  27, 45, 150, 5, 14  Bicimad: Estación 104 (Paseo Castellana, 4);;3;http://www.madrid.es/sites/v/index.jsp?vgnextchannel=bfa48ab43d6bb410VgnVCM100000171f5a0aRCRD&vgnextoid=95f550adce160410VgnVCM2000000c205a0aRCRD;CASTELLANA;PASEO;V;6;;;;;MADRID;MADRID;28046;RECOLETOS;SALAMANCA;441519;4475403;4.042.721.250.117.190;-3.689.422.328.230.450;;;;/contenido/entidadesYorganismos/TemplosOtrasReligiones; 
11025240;Comunidad Evangélica Internacional;Templo evangélico;;;Metro: Carabanchel Alto (línea 11)  Bus: 155;;3;http://www.madrid.es/sites/v/index.jsp?vgnextchannel=bfa48ab43d6bb410VgnVCM100000171f5a0aRCRD&vgnextoid=20f07b42aed5d610VgnVCM2000001f4a900aRCRD;CIDRO;CALLE;V;14;BAJO;;;Polígono Aguacate;MADRID;MADRID;28044;BUENAVISTA;CARABANCHEL;436619;4468690;40.366.381.452.000.500;-374.651.822.287.228;;;;/contenido/entidadesYorganismos/TemplosOtrasReligiones; 
7064568;Comunidad Sendero de la Cruz (Iglesia de Celebración Cristiana);Templo evangélico;;;Metro: García Noblejas (línea 7)  Bus: 28;;3;http://www.madrid.es/sites/v/index.jsp?vgnextchannel=bfa48ab43d6bb410VgnVCM100000171f5a0aRCRD&vgnextoid=f5e7efba3c850410VgnVCM1000000b205a0aRCRD;MIGUEL FLETA;CALLE;V;11;;;;;MADRID;MADRID;28037;SIMANCAS;SAN BLAS-CANILLEJAS;446447;4475886;4.043.189.156.564.130;-3.631.374.057.578.600;;;;/contenido/entidadesYorganismos/TemplosOtrasReligiones; 
7064565;Iglesia  Evangélica Bautista Pueblo Nuevo;Templo evangélico;;;Metro: Pueblo Nuevo (líneas 5, 7)    Bus: 38, 109, 113;;3;http://www.madrid.es/sites/v/index.jsp?vgnextchannel=bfa48ab43d6bb410VgnVCM100000171f5a0aRCRD&vgnextoid=0304efba3c850410VgnVCM1000000b205a0aRCRD;GUTIERRE DE CETINA;CALLE;V;13;;;;;MADRID;MADRID;28017;PUEBLO NUEVO;CIUDAD LINEAL;445362;4476114;4.043.387.488.622.840;-3.644.196.517.698.970;;;;/contenido/entidadesYorganismos/TemplosOtrasReligiones; 
3386;Iglesia Anglicana de San Jorge;Templo evangélico;;;Metro: Velazquez (línea 4)  Bus: 1, 19, 51, 74, 9;;3;http://www.madrid.es/sites/v/index.jsp?vgnextchannel=bfa48ab43d6bb410VgnVCM100000171f5a0aRCRD&vgnextoid=48047b503a71c010VgnVCM1000000b205a0aRCRD;NUÑEZ DE BALBOA;CALLE;V;43;;;;;MADRID;MADRID;28001;RECOLETOS;SALAMANCA;442084;4475343;4.042.669.852.639.710;-368.277.143.067.568;;;;/contenido/entidadesYorganismos/TemplosOtrasReligiones; 
7066142;Iglesia Asamblea Cristiana de Madrid;Templo evangélico;;;Metro: Miguel Hernández (línea 1)  Bus: 144, 103, 142, 143, 54, 58;;3;http://www.madrid.es/sites/v/index.jsp?vgnextchannel=bfa48ab43d6bb410VgnVCM100000171f5a0aRCRD&vgnextoid=03758105e2260410VgnVCM2000000c205a0aRCRD;ALORA;CALLE;V;7;y 9 Bajo;;;;MADRID;MADRID;28018;PALOMERAS SURESTE;PUENTE DE VALLECAS;445650;4470802;40.386.040.079.971.300;-364.034.744.917.085;;;;/contenido/entidadesYorganismos/TemplosOtrasReligiones; 
11431457;Iglesia Asambleas de Dios Ministerio Madureira;Templo evangélico;;;Metro: Carabanchel Alto (línea 11)  Bus: 108, 118;;3;http://www.madrid.es/sites/v/index.jsp?vgnextchannel=bfa48ab43d6bb410VgnVCM100000171f5a0aRCRD&vgnextoid=1745b5d56867a710VgnVCM1000001d4a900aRCRD;haya;CALLE;V;2;2;;;;MADRID;MADRID;28026;ALMENDRALES;USERA;440917;4470580;40.383.724.492.823.500;-36.960.683.266.163.900;;;;/contenido/entidadesYorganismos/TemplosOtrasReligiones; 
11025964;Iglesia Bautista Calvario;Templo evangélico;;;Metro: Esperanza (línea 4)  Bus: 120, 122;;3;http://www.madrid.es/sites/v/index.jsp?vgnextchannel=bfa48ab43d6bb410VgnVCM100000171f5a0aRCRD&vgnextoid=d0460d28e4e5d610VgnVCM2000001f4a900aRCRD;PALERMO;CALLE;V;28;;;;;MADRID;MADRID;28043;CANILLAS;HORTALEZA;444986;4478918;4.045.911.690.185.050;-36.488.513.828.849.700;;;;/contenido/entidadesYorganismos/TemplosOtrasReligiones; 
11431523;Iglesia Bautista de Jesús España;Templo evangélico;;;Metro: Las Musas (línea 7)  Bus: 38, E2, 167, 48, 140;;3;http://www.madrid.es/sites/v/index.jsp?vgnextchannel=bfa48ab43d6bb410VgnVCM100000171f5a0aRCRD&vgnextoid=e3998000baa7a710VgnVCM1000001d4a900aRCRD;LONGARES;CALLE;V;3;BAJA;;;;MADRID;MADRID;28022;ROSAS;SAN BLAS-CANILLEJAS;448294;4475910;4.043.222.866.060.570;-36.095.941.110.775.700;;;;/contenido/entidadesYorganismos/TemplosOtrasReligiones; 
7064915;Iglesia Bautista de Vallecas;Templo evangélico;;;Metro: Nueva Numancia (línea 1)    Bus: 136, 54, 57, 58;;3;http://www.madrid.es/sites/v/index.jsp?vgnextchannel=bfa48ab43d6bb410VgnVCM100000171f5a0aRCRD&vgnextoid=19bdb607bec50410VgnVCM2000000c205a0aRCRD;SAN VIRGILIO;CALLE;V;2;;;;y 4;MADRID;MADRID;28038;NUMANCIA;PUENTE DE VALLECAS;443731;4471883;40.395.652.155.665.400;-36.630.343.908.266.800;;;;/contenido/entidadesYorganismos/TemplosOtrasReligiones; 
3385;Iglesia Bautista El Buen Pastor;Templo evangélico;;;Metro: Prosperidad (línea 4)  Bus: 9, 73;;3;http://www.madrid.es/sites/v/index.jsp?vgnextchannel=bfa48ab43d6bb410VgnVCM100000171f5a0aRCRD&vgnextoid=27ff13db5b71c010VgnVCM1000000b205a0aRCRD;GETAFE;PLAZA;V;1;;;;;MADRID;MADRID;28002;PROSPERIDAD;CHAMARTIN;442995;4477283;40.444.238.011.956.800;-36.721.947.831.541.400;;;;/contenido/entidadesYorganismos/TemplosOtrasReligiones; 
11026103;Iglesia Bautista Emanuel de Madrid;Templo evangélico;;;Bus: 11, 114, 115, 200;;3;http://www.madrid.es/sites/v/index.jsp?vgnextchannel=bfa48ab43d6bb410VgnVCM100000171f5a0aRCRD&vgnextoid=0b8db608d026d610VgnVCM2000001f4a900aRCRD;HERNANDEZ DE TEJADA;CALLE;V;4;;;;;MADRID;MADRID;28027;SAN PASCUAL;CIUDAD LINEAL;444755;4477556;4.044.683.079.932.280;-36.514.595.783.618.500;;;;/contenido/entidadesYorganismos/TemplosOtrasReligiones; 
11026113;Iglesia Bíblica de Barajas;Templo evangélico;;;Metro: Barajas (línea 8)  Bus: 105, 115, 166;;3;http://www.madrid.es/sites/v/index.jsp?vgnextchannel=bfa48ab43d6bb410VgnVCM100000171f5a0aRCRD&vgnextoid=082eb608d026d610VgnVCM2000001f4a900aRCRD;CANAL DE SUEZ;CALLE;V;15;;;;;MADRID;MADRID;28042;CASCO H.BARAJAS;BARAJAS;450827;4480344;4.047.232.582.672.410;-3.580.075.615.330.760;;;;/contenido/entidadesYorganismos/TemplosOtrasReligiones; 
7064593;Iglesia CENFOL España;Templo evangélico;;;Metro: Pinar del Rey (línea 8)  Bus: 73;;3;http://www.madrid.es/sites/v/index.jsp?vgnextchannel=bfa48ab43d6bb410VgnVCM100000171f5a0aRCRD&vgnextoid=beddb8d07d850410VgnVCM1000000b205a0aRCRD;ALEJANDRO VILLEGAS;CALLE;V;34;local;;;entrada por calle Manzanar;MADRID;MADRID;28043;CANILLAS;HORTALEZA;444995;4479591;4.046.517.332.828.150;-36.488.243.746.464.300;;;;/contenido/entidadesYorganismos/TemplosOtrasReligiones; 
7064594;Iglesia Centro Cristiano Adonay;Templo evangélico;;;Metro: Cruce Villaverde (línea 3)    Bus: 116, 18, 23,123, 85, 59, 79;;3;http://www.madrid.es/sites/v/index.jsp?vgnextchannel=bfa48ab43d6bb410VgnVCM100000171f5a0aRCRD&vgnextoid=e65fb8d07d850410VgnVCM1000000b205a0aRCRD;MARIA MARTINEZ OVIOL;CALLE;V;17;;B;;;MADRID;MADRID;28021;LOS ROSALES;VILLAVERDE;441298;4466846;4.035.010.688.886.280;-3.691.253.820.762.230;;;;/contenido/entidadesYorganismos/TemplosOtrasReligiones; 
7064614;Iglesia Comunidad Cristiana de Fe;;;;Metro: Plaza Castilla (líneas 1, 9 y 10)  Bus: 5, 66, 70, 107, 129, 174  Renfe: Chamartín;;3;http://www.madrid.es/sites/v/index.jsp?vgnextchannel=bfa48ab43d6bb410VgnVCM100000171f5a0aRCRD&vgnextoid=5c77b8d07d850410VgnVCM1000000b205a0aRCRD;MANUEL FERRERO;CALLE;V;5;;Local estudio Danza Pasión Madrid;;;MADRID;MADRID;28036;CASTILLA;CHAMARTIN;441967;4479959;40.468.282.503.897.200;-36.845.607.169.672.000;;;;/contenido/entidadesYorganismos/TemplosOtrasReligiones; 
18298;Iglesia Cristiana Adventista del Séptimo Día. Madrid Alenza;;;;Metro: Ríos Rosas (línea 1), Cuatro Caminos (líneas 1, 2, 6)  Bus: 45, 12, 149, 3, 37  Bicimad: Estación 130 (calle Santa Engracia, 127);;3;http://www.madrid.es/sites/v/index.jsp?vgnextchannel=bfa48ab43d6bb410VgnVCM100000171f5a0aRCRD&vgnextoid=435f6f065851c010VgnVCM2000000c205a0aRCRD;ALENZA;CALLE;V;6;Baja;;;;MADRID;MADRID;28003;RIOS ROSAS;CHAMBERI;440594;4477227;4.044.356.545.097.690;-37.004.998.266.858.400;917 377 737;;info@aventista.es;/contenido/entidadesYorganismos/TemplosOtrasReligiones; 
190017;Iglesia Cristiana Adventista del Séptimo Día. Madrid Aluche;;;;Metro: Eugenía de Montijo (línea 5)  Bus: 31;;3;http://www.madrid.es/sites/v/index.jsp?vgnextchannel=bfa48ab43d6bb410VgnVCM100000171f5a0aRCRD&vgnextoid=08470bf21677f010VgnVCM1000000b205a0aRCRD;LOS YEBENES;CALLE;V;255;;;;;MADRID;MADRID;28047;ALUCHE;LATINA;436212;4471257;4.038.946.974.102.780;-37.515.803.449.309.400;917 377 737;;info@aventista.es;/contenido/entidadesYorganismos/TemplosOtrasReligiones; 
190024;Iglesia Cristiana Adventista del Séptimo Día. Madrid Calatrava;;;;Bus: 108, 118.;;3;http://www.madrid.es/sites/v/index.jsp?vgnextchannel=bfa48ab43d6bb410VgnVCM100000171f5a0aRCRD&vgnextoid=3a870bf21677f010VgnVCM1000000b205a0aRCRD;SECOYA;CALLE;V;19;;;;POLIGONO INDUSTRIAL AGUACATE;MADRID;MADRID;28044;BUENAVISTA;CARABANCHEL;436758;4469009;4.036.926.045.846.840;-3.744.912.867.450.050;917 377 737;;info@aventista.es;/contenido/entidadesYorganismos/TemplosOtrasReligiones; 
8353139;Iglesia Cristiana Adventista del Séptimo Día. Madrid Eben-Ezer;;;;Metro: Avenida de Guadalajara (línea 2)  Bus: 4;;3;http://www.madrid.es/sites/v/index.jsp?vgnextchannel=bfa48ab43d6bb410VgnVCM100000171f5a0aRCRD&vgnextoid=925691f81c421510VgnVCM2000000c205a0aRCRD;RUSIA;CALLE;V;11;;;;;MADRID;MADRID;28022;ROSAS;SAN BLAS-CANILLEJAS;448247;4475023;4.042.423.100.660.820;-3.610.095.282.640.810;917 377 737;;info@aventista.es;/contenido/entidadesYorganismos/TemplosOtrasReligiones; 
190046;Iglesia Cristiana Adventista del Séptimo Día. Madrid Efes;;;;Metro: Urgel (línea 5)  Bus: 118;;3;http://www.madrid.es/sites/v/index.jsp?vgnextchannel=bfa48ab43d6bb410VgnVCM100000171f5a0aRCRD&vgnextoid=5cb70bf21677f010VgnVCM1000000b205a0aRCRD;ALEJANDRO SANCHEZ;CALLE;V;49;;;;;MADRID;MADRID;28019;OPAÑEL;CARABANCHEL;438716;4471312;40.390.153.190.373.000;-37.220.850.553.963.800;917 377 737;;info@aventista.es;/contenido/entidadesYorganismos/TemplosOtrasReligiones; 
11417679;Iglesia Cristiana Adventista del Séptimo Día. Madrid Emaus;;;;Metro: Avenida de Guadalajara (línea 2)  Bus: 4;;3;http://www.madrid.es/sites/v/index.jsp?vgnextchannel=bfa48ab43d6bb410VgnVCM100000171f5a0aRCRD&vgnextoid=f4aaeeb2dcd1a710VgnVCM1000001d4a900aRCRD;RUSIA;CALLE;V;11;;;;;MADRID;MADRID;28022;ROSAS;SAN BLAS-CANILLEJAS;448247;4475023;4.042.423.100.660.820;-3.610.095.282.640.810;917 377 737;;info@aventista.es;/contenido/entidadesYorganismos/TemplosOtrasReligiones; 
6893233;Iglesia Cristiana Adventista del Séptimo Día. Madrid Grupo Brasileños;;;;Metro: Urgel (línea 5)  Bus: 118, 119, 34, 35;;3;http://www.madrid.es/sites/v/index.jsp?vgnextchannel=bfa48ab43d6bb410VgnVCM100000171f5a0aRCRD&vgnextoid=f1d689f2b4eed310VgnVCM2000000c205a0aRCRD;"MARQUESA DE ARG&amp;Uuml;ESO";CALLE;V;24;;;;;MADRID;MADRID;28019;OPAÑEL;CARABANCHEL;438564;4471455;40.391.431.883.192.300;-37.238.698.693.478.700;917 377 737;;info@aventista.es;/contenido/entidadesYorganismos/TemplosOtrasReligiones; 
8352971;Iglesia Cristiana Adventista del Séptimo Día. Madrid Horeb;;;;Metro: Carpetana (línea 6)  Bus: 17, 25;;3;http://www.madrid.es/sites/v/index.jsp?vgnextchannel=bfa48ab43d6bb410VgnVCM100000171f5a0aRCRD&vgnextoid=384fcef44b421510VgnVCM2000000c205a0aRCRD;DOCTOR ZOFIO;CALLE;V;4;;;;;MADRID;MADRID;28019;SAN ISIDRO;CARABANCHEL;437355;4471841;403.948.228.497.844;-3.738.156.333.879.840;917 377 737;;info@aventista.es;/contenido/entidadesYorganismos/TemplosOtrasReligiones; 
190054;Iglesia Cristiana Adventista del Séptimo Día. Madrid Resurrección;;;;Metro: Avenida de Guadalajara (línea 2)  Bus: 153, 38;;3;http://www.madrid.es/sites/v/index.jsp?vgnextchannel=bfa48ab43d6bb410VgnVCM100000171f5a0aRCRD&vgnextoid=23e70bf21677f010VgnVCM1000000b205a0aRCRD;AUSTRIA;CALLE;V;2;;;;;MADRID;MADRID;28022;ROSAS;SAN BLAS-CANILLEJAS;448422;4475079;40.424.737.348.819.900;-360.803.688.991.874;917 377 737;;info@aventista.es;/contenido/entidadesYorganismos/TemplosOtrasReligiones; 
190014;Iglesia Cristiana Adventista del Séptimo Día. Madrid Vallecas;;;;Bus: 103, 111, 144  Cercanías RENFE: Asamblea de Madrid-Entrevías (líneas C2, C7);;3;http://www.madrid.es/sites/v/index.jsp?vgnextchannel=bfa48ab43d6bb410VgnVCM100000171f5a0aRCRD&vgnextoid=26f70bf21677f010VgnVCM1000000b205a0aRCRD;DOCTOR BELLIDO;CALLE;V;13;;;;;MADRID;MADRID;28018;SAN DIEGO;PUENTE DE VALLECAS;443352;4470675;4.038.473.396.152.090;-36.673.969.388.303.200;917 377 737;;info@aventista.es;/contenido/entidadesYorganismos/TemplosOtrasReligiones; 
190059;Iglesia Cristiana Adventista del Séptimo Día. Madrid Ventas;;;;Metro: Quintana (línea 5), La Elipa (línea 2)  Bus: 113, 106, 28;;3;http://www.madrid.es/sites/v/index.jsp?vgnextchannel=bfa48ab43d6bb410VgnVCM100000171f5a0aRCRD&vgnextoid=0a08d5bfd677f010VgnVCM1000000b205a0aRCRD;HERMANOS GOMEZ;CALLE;V;32;;local;;;MADRID;MADRID;28017;VENTAS;CIUDAD LINEAL;444876;4475715;40.430.239.463.904.700;-36.498.796.531.677.000;917 377 737;;info@aventista.es;/contenido/entidadesYorganismos/TemplosOtrasReligiones; 
190019;Iglesia Cristiana Adventista del Séptimo Día. Proyecto Cero;;;;Metro: Puente de Vallecas (línea 1). Bus: 58, 111, 8, 113, 141, 24, 54, 57.;;3;http://www.madrid.es/sites/v/index.jsp?vgnextchannel=bfa48ab43d6bb410VgnVCM100000171f5a0aRCRD&vgnextoid=ed570bf21677f010VgnVCM1000000b205a0aRCRD;;;;;;;;;MADRID;MADRID;;ADELFAS;;;;;;917 377 737;;info@aventista.es;/contenido/entidadesYorganismos/TemplosOtrasReligiones; 
7063730;Iglesia Cristiana Evangélica en Hortaleza (Eben Ezer);Templo evangélico;;;Metro: Parque de Santa María (línea 4)  Bus: 107;;3;http://www.madrid.es/sites/v/index.jsp?vgnextchannel=bfa48ab43d6bb410VgnVCM100000171f5a0aRCRD&vgnextoid=924b7b05a8350410VgnVCM2000000c205a0aRCRD;SANTA VIRGILIA;CALLE;V;5;;;;POSTERIOR;MADRID;MADRID;28033;PINAR DEL REY;HORTALEZA;445441;4481015;4.047.803.083.728.160;-36.436.863.685.291.500;;;;/contenido/entidadesYorganismos/TemplosOtrasReligiones; 
7064620;Iglesia Cristiana Hosanna;Templo evangélico;;;Metro: Vista Alegre (línea 5)    Bus: 55;;3;http://www.madrid.es/sites/v/index.jsp?vgnextchannel=bfa48ab43d6bb410VgnVCM100000171f5a0aRCRD&vgnextoid=149a5bddd0950410VgnVCM1000000b205a0aRCRD;ALFARO;CALLE;V;34;;;;-36;MADRID;MADRID;28025;VISTA ALEGRE;CARABANCHEL;437449;4471316;4.039.008.603.694.380;-3.737.012.505.590.280;;;;/contenido/entidadesYorganismos/TemplosOtrasReligiones; 
11026241;Iglesia Cristiana Reconcíliate con Dios;Templo evangélico;;;Metro: Carabanchel Alto (línea 11)  Bus: 108, 118;;3;http://www.madrid.es/sites/v/index.jsp?vgnextchannel=bfa48ab43d6bb410VgnVCM100000171f5a0aRCRD&vgnextoid=82efb608d026d610VgnVCM2000001f4a900aRCRD;SECOYA;CALLE;V;18;2;;;;MADRID;MADRID;28044;BUENAVISTA;CARABANCHEL;436762;4469033;4.036.948.386.820.230;-3.744.863.153.558.720;;;;/contenido/entidadesYorganismos/TemplosOtrasReligiones; 
11026245;Iglesia Cristiana Redimida de Dios;Templo evangélico;;;Cercanías: San Cristóbal Industrial (C3)  Bus: T41, 79;;3;http://www.madrid.es/sites/v/index.jsp?vgnextchannel=bfa48ab43d6bb410VgnVCM100000171f5a0aRCRD&vgnextoid=ab30b608d026d610VgnVCM2000001f4a900aRCRD;RESINA;CALLE;V;29;;;;;MADRID;MADRID;28021;VILLAVERDE ALTO C.H.;VILLAVERDE;440346;4465251;4.033.567.575.572.320;-3.702.293.202.148.930;;;;/contenido/entidadesYorganismos/TemplosOtrasReligiones; 
7064624;Iglesia Cristiana Reformada;Templo evangelico;;;Metro: Barrio de la Concepción (línea 7)    Bus: 21  Aparcamiento: Verdaguer y García (44), calle Verdaguer y García;;3;http://www.madrid.es/sites/v/index.jsp?vgnextchannel=bfa48ab43d6bb410VgnVCM100000171f5a0aRCRD&vgnextoid=a5cc5bddd0950410VgnVCM1000000b205a0aRCRD;CESAR GONZÁLEZ RUANO;CALLE;V;25;;;;;MADRID;MADRID;28027;SAN PASCUAL;CIUDAD LINEAL;444604;4476786;40.439.878.546.069.800;-36.531.796.217.016.900;;;;/contenido/entidadesYorganismos/TemplosOtrasReligiones; 
7064802;Iglesia Cristiana Shalom Adonai;Templo evangélico;;;Metro: Barrio del Pilar (línea 9)    Bus: 128, 132, 137, 49, 83, 147;;3;http://www.madrid.es/sites/v/index.jsp?vgnextchannel=bfa48ab43d6bb410VgnVCM100000171f5a0aRCRD&vgnextoid=98296bbcdbc50410VgnVCM1000000b205a0aRCRD;MONDARIZ;PLAZA;V;10;;;;Local 5;MADRID;MADRID;28029;EL PILAR;FUENCARRAL-EL PARDO;440241;4481063;40.478.096.305.847.500;-37.050.349.888.320.500;;;;/contenido/entidadesYorganismos/TemplosOtrasReligiones; 
7065928;Iglesia Cristiana Verbo;;;;Metro:  Torre Arias (línea 5)  Bus:  28, 48, 140;;3;http://www.madrid.es/sites/v/index.jsp?vgnextchannel=bfa48ab43d6bb410VgnVCM100000171f5a0aRCRD&vgnextoid=003ff181df160410VgnVCM2000000c205a0aRCRD;CIRCE;CALLE;V;32;;;;;MADRID;MADRID;28022;ROSAS;SAN BLAS-CANILLEJAS;448377;4475092;4.042.486.074.067.440;-3.608.556.691.010.070;;;;/contenido/entidadesYorganismos/TemplosOtrasReligiones; 
11431563;Iglesia Cuerpo de Cristo, Avelino;Templo evangélico;;;Bus: 24, 102;;3;http://www.madrid.es/sites/v/index.jsp?vgnextchannel=bfa48ab43d6bb410VgnVCM100000171f5a0aRCRD&vgnextoid=53de8000baa7a710VgnVCM1000001d4a900aRCRD;AVELINO FERNANDEZ DE LA POZA;CALLE;V;4;;;;;MADRID;MADRID;28053;ENTREVIAS;PUENTE DE VALLECAS;442859;4470671;4.038.467.637.366.070;-36.732.010.597.964.200;;;;/contenido/entidadesYorganismos/TemplosOtrasReligiones; 
7064883;Iglesia Cuerpo de Cristo, Don Pedro;Templo evangélico;;;Metro: La Latina (línea 5)  Bus: 60, SE712;;3;http://www.madrid.es/sites/v/index.jsp?vgnextchannel=bfa48ab43d6bb410VgnVCM100000171f5a0aRCRD&vgnextoid=a8319bd56dc50410VgnVCM2000000c205a0aRCRD;DON PEDRO;CALLE;V;10;;;;;MADRID;MADRID;28005;PALACIO;CENTRO;439525;4473691;4.041.164.356.061.590;-37.127.680.071.804.700;;;;/contenido/entidadesYorganismos/TemplosOtrasReligiones; 
11431568;Iglesia Cuerpo de Cristo, General;Templo evangélico;;;Bus: 23, 55, 60;;3;http://www.madrid.es/sites/v/index.jsp?vgnextchannel=bfa48ab43d6bb410VgnVCM100000171f5a0aRCRD&vgnextoid=c7908000baa7a710VgnVCM1000001d4a900aRCRD;GENERAL SERRANO ORIVE;CALLE;V;3;;;;;MADRID;MADRID;28019;COMILLAS;CARABANCHEL;439847;4471678;40.393.539.365.726.200;-3.708.776.151.479.960;;;;/contenido/entidadesYorganismos/TemplosOtrasReligiones; 
7064917;Iglesia de Cristo - Madrid;Templo evangélico;;;Metro: Alvarado (línea 1)  Bus: 124, 128, 3, 64, 66, 43;;3;http://www.madrid.es/sites/v/index.jsp?vgnextchannel=bfa48ab43d6bb410VgnVCM100000171f5a0aRCRD&vgnextoid=4fb3b607bec50410VgnVCM2000000c205a0aRCRD;TERUEL;CALLE;V;25;;;;;MADRID;MADRID;28020;CUATRO CAMINOS;TETUAN;440553;4478100;4.045.142.687.862.350;-37.010.649.675.352.000;;;;/contenido/entidadesYorganismos/TemplosOtrasReligiones; 
11026266;Iglesia de Dios Pentecostal Movimiento Internacional de Madrid;Templo evangélico;;;Metro: Villaverde Alto (línea 3)  Bus: 79  Cercanías: Villaverde Alto (C4, C5);;3;http://www.madrid.es/sites/v/index.jsp?vgnextchannel=bfa48ab43d6bb410VgnVCM100000171f5a0aRCRD&vgnextoid=6621b608d026d610VgnVCM2000001f4a900aRCRD;GOMEZ ACEBO;CALLEJON;V;14;;;;;MADRID;MADRID;28021;VILLAVERDE ALTO C.H.;VILLAVERDE;439834;4466013;4.034.250.052.860.720;-37.083.992.189.259.900;;;;/contenido/entidadesYorganismos/TemplosOtrasReligiones; 
7064921;Iglesia de Dios (Verbo de Dios);Templo evangélico;;;Bus: 130, T31;;3;http://www.madrid.es/sites/v/index.jsp?vgnextchannel=bfa48ab43d6bb410VgnVCM100000171f5a0aRCRD&vgnextoid=646b0ac0dfc50410VgnVCM2000000c205a0aRCRD;PUERTO DE POZAZAL;CALLE;V;25;;;;A;MADRID;MADRID;28031;CASCO H.VALLECAS;VILLA DE VALLECAS;446484;4470075;4.037.954.477.665.530;-36.304.610.133.031.000;;;;/contenido/entidadesYorganismos/TemplosOtrasReligiones; 
7065029;Iglesia de Los Elegidos de Dios;Templo evangélico;;;Metro: Abrantes (línea 11)    Bus: 47, 108, 116, E1;;3;http://www.madrid.es/sites/v/index.jsp?vgnextchannel=bfa48ab43d6bb410VgnVCM100000171f5a0aRCRD&vgnextoid=fdea3ddd32d50410VgnVCM2000000c205a0aRCRD;FARO;CALLE;V;8;;;;Local 4, Posterior;MADRID;MADRID;28025;ABRANTES;CARABANCHEL;438335;4470321;4.038.119.767.358.170;-37.264.778.892.367.400;;;;/contenido/entidadesYorganismos/TemplosOtrasReligiones; 
147971;Iglesia de Scientology de España;;;;Metro: Sol (línea 1, 2, 3), Sevilla (línea 2).  Bus: 002, M1, 53   Cercanías: Sol (C3, C4)   Aparcamiento: Cortes (46), Plaza de las Cortes;;3;http://www.madrid.es/sites/v/index.jsp?vgnextchannel=bfa48ab43d6bb410VgnVCM100000171f5a0aRCRD&vgnextoid=0606ac2e6481c010VgnVCM1000000b205a0aRCRD;SANTA CATALINA;CALLE;V;7;;;;esquina calle Prado;MADRID;MADRID;28014;CORTES;CENTRO;440802;4474103;4.041.544.685.773.230;-36.977.564.880.686.600;;;;/contenido/entidadesYorganismos/TemplosOtrasReligiones; 
7063734;Iglesia Dios es Amor - Unión Cristiana;Templo evangélico;;;Metro: Pueblo Nuevo (líneas 5, 7)  Bus: 48, 146  Aparcamiento: Corazón de María II (3), calle Corazón de María (final calle);;3;http://www.madrid.es/sites/v/index.jsp?vgnextchannel=bfa48ab43d6bb410VgnVCM100000171f5a0aRCRD&vgnextoid=dd257b05a8350410VgnVCM2000000c205a0aRCRD;PRUDENCIO ALVARO;CALLE;V;46;;;;;MADRID;MADRID;28027;QUINTANA;CIUDAD LINEAL;445359;4476606;4.043.829.788.787.740;-3.644.274.105.325.610;;;;/contenido/entidadesYorganismos/TemplosOtrasReligiones; 
18306;Iglesia Ejército de Salvación Madrid Central;Templo evangélico;;;Metro: Manuel Becerra (líneas, 2 y 6), O'Donnell (línea 6)  Bus: 143, 156, 2, 56, 71, C1, 30, C2, 12;;3;http://www.madrid.es/sites/v/index.jsp?vgnextchannel=bfa48ab43d6bb410VgnVCM100000171f5a0aRCRD&vgnextoid=8d9f6f065851c010VgnVCM2000000c205a0aRCRD;HERMOSILLA;CALLE;V;126;;;;Local 4;MADRID;MADRID;28028;FUENTE DEL BERRO;SALAMANCA;443347;4475195;4.042.545.230.198.000;-36.678.581.814.924.500;;;;/contenido/entidadesYorganismos/TemplosOtrasReligiones; 
11026824;Iglesia Ejército de Salvación Palomeras;Templo evangélico;;;Metro: Miguel Hernández (línea 1)  Bus: 103, 142, 143, 54, 58, 144;;3;http://www.madrid.es/sites/v/index.jsp?vgnextchannel=bfa48ab43d6bb410VgnVCM100000171f5a0aRCRD&vgnextoid=68449283b726d610VgnVCM2000001f4a900aRCRD;RAFAEL ALBERTI;AVENIDA;V;18;;;;bis;MADRID;MADRID;28038;PALOMERAS SURESTE;PUENTE DE VALLECAS;445663;4471069;40.388.453.004.338.400;-36.402.017.057.531.600;;;;/contenido/entidadesYorganismos/TemplosOtrasReligiones; 
7065093;Iglesia El Buen Pastor de Vallecas;Templo evangélico;;;Bus: 141;;3;http://www.madrid.es/sites/v/index.jsp?vgnextchannel=bfa48ab43d6bb410VgnVCM100000171f5a0aRCRD&vgnextoid=7d373ddd32d50410VgnVCM2000000c205a0aRCRD;VALDERRIBAS;CAMINO;V;96;;;;Nave;MADRID;MADRID;28038;NUMANCIA;PUENTE DE VALLECAS;443944;4472238;40.398.863.439.810.400;-3.660.560.405.682.930;;;;/contenido/entidadesYorganismos/TemplosOtrasReligiones; 
11431675;Iglesia Elan;Templo evangélico;;;Bus: 4;;3;http://www.madrid.es/sites/v/index.jsp?vgnextchannel=bfa48ab43d6bb410VgnVCM100000171f5a0aRCRD&vgnextoid=36b58000baa7a710VgnVCM1000001d4a900aRCRD;EZCARAY;CALLE;V;20;2 C;;;;MADRID;MADRID;28032;CASCO H.VICALVARO;VICALVARO;447994;4473468;40.410.210.854.887.900;-361.293.716.036.795;;;;/contenido/entidadesYorganismos/TemplosOtrasReligiones; 
7065435;Iglesia Española Reformada Episcopal;Templo evangélico;;;;Metro: Alonso Martínez (líneas 4, 5 y 10), Tribunal (líneas 1 y 10)  Bus: 37, 40, 149, 3  Bicimad: Estación 54 (calle Barceló, 7)  Aparcamiento: Barceló (69), calle Barceló;3;http://www.madrid.es/sites/v/index.jsp?vgnextchannel=bfa48ab43d6bb410VgnVCM100000171f5a0aRCRD&vgnextoid=37d53bf7d7d50410VgnVCM2000000c205a0aRCRD;BENEFICENCIA;CALLE;V;18;;;;;MADRID;MADRID;28004;JUSTICIA;CENTRO;440734;4475314;4.042.635.120.982.080;-3.698.682.579.292.040;;;;/contenido/entidadesYorganismos/TemplosOtrasReligiones; 
7065000;Iglesia Evangélica Agua de Vida Vaguada;Templo evangélico;;;Metro: Peñagrande (línea 7)  Bus: 83;;3;http://www.madrid.es/sites/v/index.jsp?vgnextchannel=bfa48ab43d6bb410VgnVCM100000171f5a0aRCRD&vgnextoid=3c33c91fc0d50410VgnVCM2000000c205a0aRCRD;PUERTO DE MASPALOMAS;CALLE;V;22;;;;Posterior;MADRID;MADRID;28029;EL PILAR;FUENCARRAL-EL PARDO;439497;4481186;404.791.594.681.295;-37.138.237.216.851.700;;;;/contenido/entidadesYorganismos/TemplosOtrasReligiones; 
7064876;Iglesia evangélica Asociación Betel;Templo evangélico;;;Metro: San Francisco (línea 11)  Bus: 108, 118, 121, 131, 47;;3;http://www.madrid.es/sites/v/index.jsp?vgnextchannel=bfa48ab43d6bb410VgnVCM100000171f5a0aRCRD&vgnextoid=335d9bd56dc50410VgnVCM2000000c205a0aRCRD;ANTONIA RODRIGUEZ SACRISTAN;CALLE;V;8;;;;;MADRID;MADRID;28044;BUENAVISTA;CARABANCHEL;436747;4469402;40.372.800.292.475.500;-3.745.073.767.335.670;;;;/contenido/entidadesYorganismos/TemplosOtrasReligiones; 
7065706;Iglesia Evangélica Asociación Centros Tahor;Templo evangélico;;;Metro: Estrecho, Alvarado (línea 1)  Bus: 124, 128, 3, 64, 66, 53;;3;http://www.madrid.es/sites/v/index.jsp?vgnextchannel=bfa48ab43d6bb410VgnVCM100000171f5a0aRCRD&vgnextoid=61a794d12cd50410VgnVCM2000000c205a0aRCRD;TERUEL;CALLE;V;25;;;;;MADRID;MADRID;28020;CUATRO CAMINOS;TETUAN;440551;4478101;40.451.446.329.396.500;-37.010.846.337.104.100;;;;/contenido/entidadesYorganismos/TemplosOtrasReligiones; 
11026848;Iglesia Evangélica Asociación Club Metas;Templo evangélico;;;Metro: Pinar del Rey (línea 8)  Bus: 87, 72, 9;;3;http://www.madrid.es/sites/v/index.jsp?vgnextchannel=bfa48ab43d6bb410VgnVCM100000171f5a0aRCRD&vgnextoid=04d59283b726d610VgnVCM2000001f4a900aRCRD;GRAN VIA DE HORTALEZA;AVENIDA;V;30;;;;;MADRID;MADRID;28043;CANILLAS;HORTALEZA;444577;4479753;4.046.660.577.055.000;-36.537.495.353.492.900;;;;/contenido/entidadesYorganismos/TemplosOtrasReligiones; 
7065980;Iglesia evangélica Asociación Darse;Templo evanglélico;;;Metro: Vista Alegre (línea 5)  Bus: 34, 35;;3;http://www.madrid.es/sites/v/index.jsp?vgnextchannel=bfa48ab43d6bb410VgnVCM100000171f5a0aRCRD&vgnextoid=474204a5d0260410VgnVCM2000000c205a0aRCRD;CASTROJERIZ;CALLE;V;5;;;;;MADRID;MADRID;28025;VISTA ALEGRE;CARABANCHEL;437305;4471004;4.038.728.031.283.850;-37.386.583.591.543.500;;;;/contenido/entidadesYorganismos/TemplosOtrasReligiones; 
11026250;Iglesia evangélica Asociación de Educadores Evangélicos de Madrid;Templo evangélico;;;Metro: Estrecho (línea 1) / Francos Rodríguez (línea 7)  Bus: 127, 44;;3;http://www.madrid.es/sites/v/index.jsp?vgnextchannel=bfa48ab43d6bb410VgnVCM100000171f5a0aRCRD&vgnextoid=e880b608d026d610VgnVCM2000001f4a900aRCRD;MARIA PEDRAZA;CALLE;V;11;;;;;MADRID;MADRID;28039;BELLAS VISTAS;TETUAN;439849;4478318;40.453.348.645.022.700;-37.093.869.921.748.400;;;;/contenido/entidadesYorganismos/TemplosOtrasReligiones; 
7065383;Iglesia Evangélica Asociación Evangelización Mundial para Cristo;Templo evangélico;;;Bus: 167, 48  Metro: San Blas (línea 7);;3;http://www.madrid.es/sites/v/index.jsp?vgnextchannel=bfa48ab43d6bb410VgnVCM100000171f5a0aRCRD&vgnextoid=2b96691af6d50410VgnVCM2000000c205a0aRCRD;CANILLEJAS A VICALVARO;AVENIDA;V;131;;;;;MADRID;MADRID;28022;ROSAS;SAN BLAS-CANILLEJAS;448207;4475321;40.426.919.386.996.700;-36.105.786.335.561.900;;;;/contenido/entidadesYorganismos/TemplosOtrasReligiones; 
11028433;Iglesia evangélica Asociación Fietgratia Ong;Templo evangélico;;;Metro: Suanzes (línea 5)  Bus: 104, 77;;3;http://www.madrid.es/sites/v/index.jsp?vgnextchannel=bfa48ab43d6bb410VgnVCM100000171f5a0aRCRD&vgnextoid=206aaf9c53d6d610VgnVCM1000001d4a900aRCRD;RUFINO GONZALEZ;CALLE;V;13;1ª;;;;MADRID;MADRID;28037;SIMANCAS;SAN BLAS-CANILLEJAS;446797;4476756;4.043.975.530.378.640;-3.627.318.887.810.530;;;;/contenido/entidadesYorganismos/TemplosOtrasReligiones; 
7065947;Iglesia evangélica Asociación Fuente de Vida de la Sierra;Templo evangélico;;;Metro: Urgel (línea 5)  Bus: 119;;3;http://www.madrid.es/sites/v/index.jsp?vgnextchannel=bfa48ab43d6bb410VgnVCM100000171f5a0aRCRD&vgnextoid=c944f181df160410VgnVCM2000000c205a0aRCRD;TERCIO;CALLE;V;8;1ª;;;;MADRID;MADRID;28019;SAN ISIDRO;CARABANCHEL;438226;4471682;4.039.345.136.918.460;-37.278.719.881.651.200;;;;/contenido/entidadesYorganismos/TemplosOtrasReligiones; 
11430960;Iglesia evangélica Asociación Proyecto Ayuda en la Calle PAC-ONG;Templo evangélico;;;Metro: Lucero (línea 6)  Bus: 31, 138;;3;http://www.madrid.es/sites/v/index.jsp?vgnextchannel=bfa48ab43d6bb410VgnVCM100000171f5a0aRCRD&vgnextoid=78b9eafcd367a710VgnVCM1000001d4a900aRCRD;VICENTE CAMARON;CALLE;V;41;3ª;;;;MADRID;MADRID;28011;PUERTA DEL ANGEL;LATINA;437152;4473095;4.040.610.493.450.370;-3.740.671.238.932.670;;;;/contenido/entidadesYorganismos/TemplosOtrasReligiones; 
11026948;Iglesia Evangélica Avivamiento Emmanuel España;Templo evangélico;;;Metro: Oporto (línea 5 y 6)  Bus: 247;;3;http://www.madrid.es/sites/v/index.jsp?vgnextchannel=bfa48ab43d6bb410VgnVCM100000171f5a0aRCRD&vgnextoid=5e4b8afbee26d610VgnVCM2000001f4a900aRCRD;ALVAREZ ABELLAN;CALLE;V;17;;;;;MADRID;MADRID;28025;PUERTA BONITA;CARABANCHEL;437842;4470768;4.038.519.101.985.380;-37.323.123.187.363.300;;;;/contenido/entidadesYorganismos/TemplosOtrasReligiones; 
7063848;Iglesia Evangélica Bautista Barrio del Pilar;Templo evangélico;;;Metro: Barrio del Pilar (línea 9)  Bus: 49, 83, 128, 132, 134, 137, 147;;3;http://www.madrid.es/sites/v/index.jsp?vgnextchannel=bfa48ab43d6bb410VgnVCM100000171f5a0aRCRD&vgnextoid=d7521ea949750410VgnVCM2000000c205a0aRCRD;GINZO DE LIMIA;CALLE;V;44;;;;;MADRID;MADRID;28029;LA PAZ;FUENCARRAL-EL PARDO;440400;4481110;4.047.854.013.481.560;-3.703.163.788.451.910;;;;/contenido/entidadesYorganismos/TemplosOtrasReligiones; 
11027012;Iglesia Evangélica Buenas Nuevas la Gran Comisión;Templo evangélico;;;Metro: Urgel (línea 5)  Bus: 118, 119, 34, 35;;3;http://www.madrid.es/sites/v/index.jsp?vgnextchannel=bfa48ab43d6bb410VgnVCM100000171f5a0aRCRD&vgnextoid=6731b97c8136d610VgnVCM2000001f4a900aRCRD;RADIO;CALLE;V;12;BAJO;A;;;MADRID;MADRID;28019;OPAÑEL;CARABANCHEL;438610;4471562;4.039.240.076.651.590;-37.233.440.134.536.700;;;;/contenido/entidadesYorganismos/TemplosOtrasReligiones; 
11027019;Iglesia Evangélica Casa de la Misericordia;Templo evangélico;;;Metro: Oporto (líneas 5 y 6)  Bus: 55;;3;http://www.madrid.es/sites/v/index.jsp?vgnextchannel=bfa48ab43d6bb410VgnVCM100000171f5a0aRCRD&vgnextoid=c191b97c8136d610VgnVCM2000001f4a900aRCRD;SANTIAGO ESTEVEZ;CALLE;V;29;BAJO;IZQUIERDA;;;MADRID;MADRID;28019;SAN ISIDRO;CARABANCHEL;437687;4471420;4.039.105.388.398.810;-3.734.197.628.694.960;;;;/contenido/entidadesYorganismos/TemplosOtrasReligiones; 
7065547;Iglesia Evangélica Casa de Oración;Templo evangélico;;;Bus: 24, 57, 144  Renfe: Asamblea de Madrid - Entrevías;;3;http://www.madrid.es/sites/v/index.jsp?vgnextchannel=bfa48ab43d6bb410VgnVCM100000171f5a0aRCRD&vgnextoid=75ab8fd21ad50410VgnVCM2000000c205a0aRCRD;FELIPE DE DIEGO;CALLE;V;3;;;;Bloque A, posterior;MADRID;MADRID;28018;PALOMERAS BAJAS;PUENTE DE VALLECAS;443720;4470088;40.379.470.784.588.200;-3.663.021.565.402.850;;;;/contenido/entidadesYorganismos/TemplosOtrasReligiones; 
7065462;Iglesia Evangélica Casa de Oración de Madrid;Templo evangélico;;;Metro: Manuel Becerra (líneas 2, 6)  Bus: 1, 43, 74, 12, 210, 48, 56, C1;;3;http://www.madrid.es/sites/v/index.jsp?vgnextchannel=bfa48ab43d6bb410VgnVCM100000171f5a0aRCRD&vgnextoid=644198d978d50410VgnVCM2000000c205a0aRCRD;LONDRES;CALLE;V;13;;;;;MADRID;MADRID;28028;GUINDALERA;SALAMANCA;443217;4475862;4.043.146.112.930.490;-36.694.502.641.980.300;;;;/contenido/entidadesYorganismos/TemplosOtrasReligiones; 
7065574;Iglesia Evangélica China Española;Templo evangélico;;;Metro: Alvarado (línea 1)  Bus: 124, 128, 3, 64, 66;;3;http://www.madrid.es/sites/v/index.jsp?vgnextchannel=bfa48ab43d6bb410VgnVCM100000171f5a0aRCRD&vgnextoid=5ff28fd21ad50410VgnVCM2000000c205a0aRCRD;CAROLINAS;CALLE;V;10;;;;;MADRID;MADRID;28039;BELLAS VISTAS;TETUAN;440229;4478081;40.451.241.419.899.200;-3.704.895.759.227.490;;;;/contenido/entidadesYorganismos/TemplosOtrasReligiones; 
7063679;Iglesia Evangélica Cristo Vive;Templo evangélico.;;;Metro: Pinar del Rey (línea 8)  Bus: 87, 72, 9;;3;http://www.madrid.es/sites/v/index.jsp?vgnextchannel=bfa48ab43d6bb410VgnVCM100000171f5a0aRCRD&vgnextoid=2224216f16350410VgnVCM2000000c205a0aRCRD;GRAN VIA DE HORTALEZA;AVENIDA;V;30;;;;;MADRID;MADRID;28043;CANILLAS;HORTALEZA;444577;4479753;4.046.660.577.055.000;-36.537.495.353.492.900;;;;/contenido/entidadesYorganismos/TemplosOtrasReligiones; 
23684;Iglesia Evangélica de Aluche;Templo evangélico;;;Metro: Eugenia de Montijo (línea 5)  Bus: 17;;0;http://www.madrid.es/sites/v/index.jsp?vgnextchannel=bfa48ab43d6bb410VgnVCM100000171f5a0aRCRD&vgnextoid=bf9b92355c51c010VgnVCM2000000c205a0aRCRD;NUESTRA SEÑORA DE LA LUZ;CALLE;V;118;;;;;MADRID;MADRID;28047;ALUCHE;LATINA;436213;4470932;4.038.654.208.091.550;-3.751.536.019.050.470;;;;/contenido/entidadesYorganismos/TemplosOtrasReligiones; 
7065594;Iglesia Evangélica de Hermanos El Shadday;Templo evangélico;;;Bus: 44, 127;;3;http://www.madrid.es/sites/v/index.jsp?vgnextchannel=bfa48ab43d6bb410VgnVCM100000171f5a0aRCRD&vgnextoid=352afe5dfad50410VgnVCM2000000c205a0aRCRD;MARIA PEDRAZA;CALLE;V;11;;;;;MADRID;MADRID;28039;BELLAS VISTAS;TETUAN;439849;4478318;40.453.349.071.696.200;-37.093.874.627.751.700;;;;/contenido/entidadesYorganismos/TemplosOtrasReligiones; 
11028295;Iglesia Evangélica de Hermanos en Aluche - Madrid;Templo evangélico;;;Metro: Empalme (línea 5)  Bus: 131, 36, H;;3;http://www.madrid.es/sites/v/index.jsp?vgnextchannel=bfa48ab43d6bb410VgnVCM100000171f5a0aRCRD&vgnextoid=a02643cf28c6d610VgnVCM1000001d4a900aRCRD;TEMBLEQUE;CALLE;V;140;;;;;MADRID;MADRID;28024;ALUCHE;LATINA;434986;4471537;4.039.189.873.720.000;-37.660.307.873.771.900;;;;/contenido/entidadesYorganismos/TemplosOtrasReligiones; 
7065598;Iglesia Evangélica del Nazareno;Templo evangélico;;;Metro: Abrantes (línea 11)  Bus: 118, 247;;3;http://www.madrid.es/sites/v/index.jsp?vgnextchannel=bfa48ab43d6bb410VgnVCM100000171f5a0aRCRD&vgnextoid=ef5dfe5dfad50410VgnVCM2000000c205a0aRCRD;PELICANO;CALLE;V;26;;;;;MADRID;MADRID;28025;ABRANTES;CARABANCHEL;438184;4470600;40.383.690.841.533.700;-3.728.283.631.976.340;;;;/contenido/entidadesYorganismos/TemplosOtrasReligiones; 
11028306;Iglesia Evangélica Emaús;Templo evangélico;;;Bus: 77, 167;;3;http://www.madrid.es/sites/v/index.jsp?vgnextchannel=bfa48ab43d6bb410VgnVCM100000171f5a0aRCRD&vgnextoid=1de643cf28c6d610VgnVCM1000001d4a900aRCRD;AGUAVIVA;CALLE;V;6;;;;;MADRID;MADRID;28022;REJAS;SAN BLAS-CANILLEJAS;451951;4477716;404.487.149.362.724;-35.666.134.456.579.700;;;;/contenido/entidadesYorganismos/TemplosOtrasReligiones; 
7063733;Iglesia Evangélica Encuentro con Dios;Templo evangélico;;;Metro: Vinateros (línea 9)  Bus: 30, 32, 71, 113;;3;http://www.madrid.es/sites/v/index.jsp?vgnextchannel=bfa48ab43d6bb410VgnVCM100000171f5a0aRCRD&vgnextoid=f0fe7b05a8350410VgnVCM2000000c205a0aRCRD;JOSE DEL PRADO Y PALACIO;CALLE;V;1;;;;Local 4;MADRID;MADRID;28030;MEDIA LEGUA;MORATALAZ;444519;4473465;4.040.995.541.329.680;-3.653.903.803.273.290;;;;/contenido/entidadesYorganismos/TemplosOtrasReligiones; 
11028319;Iglesia Evangélica Evangelizando las Naciones;Templo evangélico;;;Metro: Villaverde Bajo Cruce (línea 3)  Bus: 22, 59, 79, 85, 116, 18, 86;;3;http://www.madrid.es/sites/v/index.jsp?vgnextchannel=bfa48ab43d6bb410VgnVCM100000171f5a0aRCRD&vgnextoid=11a903ce1ec6d610VgnVCM1000001d4a900aRCRD;GIGANTES Y CABEZUDOS;PASEO;V;48;BAJO;1,2;;;MADRID;MADRID;28041;LOS ANGELES;VILLAVERDE;441079;4467423;4.035.529.078.999.770;-36.938.688.031.840.100;;;;/contenido/entidadesYorganismos/TemplosOtrasReligiones; 
11028330;Iglesia Evangélica Fe, Esperanza y Amor;Templo evangélico;;;Metro: García Noblejas (línea 7)  Bus: 28;;3;http://www.madrid.es/sites/v/index.jsp?vgnextchannel=bfa48ab43d6bb410VgnVCM100000171f5a0aRCRD&vgnextoid=49da03ce1ec6d610VgnVCM1000001d4a900aRCRD;PATRIARCA SAN JOSE;CALLE;V;9;SUBSÓTANO;;;;MADRID;MADRID;28037;SIMANCAS;SAN BLAS-CANILLEJAS;446717;4475735;4.043.055.108.462.230;-3.628.173.673.450.930;;;;/contenido/entidadesYorganismos/TemplosOtrasReligiones; 
11028343;Iglesia Evangélica Filadelfia del Centro;Templo evangélico;;;Metro: La Latina (línea 5)  Bus: 17, 18, 23, 35, 60  Aparcamiento: Mercado de la Cebada (501), Plaza de la Cebada sin número;;3;http://www.madrid.es/sites/v/index.jsp?vgnextchannel=bfa48ab43d6bb410VgnVCM100000171f5a0aRCRD&vgnextoid=60dc03ce1ec6d610VgnVCM1000001d4a900aRCRD;RODRIGO DE GUEVARA;CALLE;V;2;;;;;MADRID;MADRID;28005;EMBAJADORES;CENTRO;439849;4473429;4.040.931.307.515.130;-37.089.216.905.673.000;;;;/contenido/entidadesYorganismos/TemplosOtrasReligiones; 
11028400;Iglesia Evangélica Filadelfia Orcasur;Templo evangélico;;;Cercanías: Orcasitas (C4)  Bus: 116, 78, 76;;3;http://www.madrid.es/sites/v/index.jsp?vgnextchannel=bfa48ab43d6bb410VgnVCM100000171f5a0aRCRD&vgnextoid=345103ce1ec6d610VgnVCM1000001d4a900aRCRD;"ALBU&amp;Ntilde;UELAS";CALLE;V;4;;;;;MADRID;MADRID;28041;ORCASUR;USERA;440539;4468625;40.366.085.156.865.100;-3.700.342.852.740.240;;;;/contenido/entidadesYorganismos/TemplosOtrasReligiones; 
11028338;Iglesia Evangélica Filadelfia (El Rayo);Templo evangélico;;;Metro: Alto del Arenal (línea 1)  Bus: 10, 136;;3;http://www.madrid.es/sites/v/index.jsp?vgnextchannel=bfa48ab43d6bb410VgnVCM100000171f5a0aRCRD&vgnextoid=975b03ce1ec6d610VgnVCM1000001d4a900aRCRD;RIO ARAUCA;CALLE;V;8;;;;;MADRID;MADRID;28018;PORTAZGO;PUENTE DE VALLECAS;444761;4470992;40.387.701.083.626.400;-3.650.824.699.019.210;;;;/contenido/entidadesYorganismos/TemplosOtrasReligiones; 
7065792;Iglesia Evangélica Fuente de la Vida, Asambleas de Dios;Templo evangélico;;;Metro: Portazgo (línea 1)  Bus: 10, 24, 57, 111, 310;;3;http://www.madrid.es/sites/v/index.jsp?vgnextchannel=bfa48ab43d6bb410VgnVCM100000171f5a0aRCRD&vgnextoid=e9e95ac33d160410VgnVCM2000000c205a0aRCRD;SIERRA CARBONERA;CALLE;V;31;;;;;MADRID;MADRID;28053;PALOMERAS BAJAS;PUENTE DE VALLECAS;443649;4471505;4.039.224.017.330.220;-3.663.983.360.780.890;;;;/contenido/entidadesYorganismos/TemplosOtrasReligiones; 
11431454;Iglesia evangélica Fundación Federico Fliedner;Templo evangélico;;;Metro: Cuatro Caminos (líneas 1, 2, 6)  Bus: 37, 149, 3, 45;;3;http://www.madrid.es/sites/v/index.jsp?vgnextchannel=bfa48ab43d6bb410VgnVCM100000171f5a0aRCRD&vgnextoid=b1d4b5d56867a710VgnVCM1000001d4a900aRCRD;BRAVO MURILLO;CALLE;V;85;;;;;MADRID;MADRID;28003;VALLEHERMOSO;CHAMBERI;440280;4477381;4.044.493.824.188.450;-370.421.024.880.097;;;;/contenido/entidadesYorganismos/TemplosOtrasReligiones; 
11431571;Iglesia Evangélica Jesús es el Señor Torre Fuerte;Templo evangélico;;;Metro: Vista Alegre (línea 5);;3;http://www.madrid.es/sites/v/index.jsp?vgnextchannel=bfa48ab43d6bb410VgnVCM100000171f5a0aRCRD&vgnextoid=f5418000baa7a710VgnVCM1000001d4a900aRCRD;BLANDON;CALLE;V;6;;;;;MADRID;MADRID;28025;VISTA ALEGRE;CARABANCHEL;437272;4471254;4.038.952.280.235.470;-3.739.074.970.950.560;;;;/contenido/entidadesYorganismos/TemplosOtrasReligiones; 
11028407;Iglesia Evangélica Las Águilas;Templo evangélico;;;Metro: Aluche (línea 5)  Bus: 138, 17  Cercanías: Aluche (C5);;3;http://www.madrid.es/sites/v/index.jsp?vgnextchannel=bfa48ab43d6bb410VgnVCM100000171f5a0aRCRD&vgnextoid=34b203ce1ec6d610VgnVCM1000001d4a900aRCRD;FUERTE DE NAVIDAD;CALLE;V;19;;;;;MADRID;MADRID;28044;LAS AGUILAS;LATINA;434906;4470254;40.380.332.955.379.900;-37.668.506.940.875.500;;;;/contenido/entidadesYorganismos/TemplosOtrasReligiones; 
11028410;Iglesia Evangélica Manantial de Vida Center;Templo evangélico;;;Bus: 6, 60, 81, 78;;3;http://www.madrid.es/sites/v/index.jsp?vgnextchannel=bfa48ab43d6bb410VgnVCM100000171f5a0aRCRD&vgnextoid=fef303ce1ec6d610VgnVCM1000001d4a900aRCRD;CERRO DE LOS ANGELES;AVENIDA;V;10;1;B;;;MADRID;MADRID;28026;ZOFIO;USERA;439475;4470174;40.379.960.391.322.900;-37.130.159.457.712.000;;;;/contenido/entidadesYorganismos/TemplosOtrasReligiones; 
11028415;Iglesia Evangélica Ministerio Pasión por Cristo;Templo evangélico;;;Metro: San Francisco (línea 11)  Bus: 108, 118, 121, 131, 47;;3;http://www.madrid.es/sites/v/index.jsp?vgnextchannel=bfa48ab43d6bb410VgnVCM100000171f5a0aRCRD&vgnextoid=bd0703ce1ec6d610VgnVCM1000001d4a900aRCRD;REUS;CALLE;V;8;;;;;MADRID;MADRID;28044;BUENAVISTA;CARABANCHEL;436673;4469269;4.037.160.136.859.310;-37.459.391.632.325.400;;;;/contenido/entidadesYorganismos/TemplosOtrasReligiones; 
7063835;Iglesia evangélica Ministerio Reconciliación y Restauración Yo Soy;Templo evangélico;;;Metro: Vista Alegre (línea 5)  Bus: 55;;3;http://www.madrid.es/sites/v/index.jsp?vgnextchannel=bfa48ab43d6bb410VgnVCM100000171f5a0aRCRD&vgnextoid=bd9c1ea949750410VgnVCM2000000c205a0aRCRD;TUCAN;CALLE;V;1;;;;;MADRID;MADRID;28025;VISTA ALEGRE;CARABANCHEL;437379;4471334;4.039.025.255.838.030;-37.378.161.137.088.900;;;;/contenido/entidadesYorganismos/TemplosOtrasReligiones; 
7063724;Iglesia Evangélica Nueva Vida;Templo evangélico;;;Metro: Ciudad Lineal (línea 5)  Bus: 105, 38, 4, 48, 70;;3;http://www.madrid.es/sites/v/index.jsp?vgnextchannel=bfa48ab43d6bb410VgnVCM100000171f5a0aRCRD&vgnextoid=4996e44317350410VgnVCM2000000c205a0aRCRD;ARGOS;CALLE;V;13;;;;o calle Caunedo, 16;MADRID;MADRID;28037;SIMANCAS;SAN BLAS-CANILLEJAS;446148;4476431;40.436.772.923.362.900;-3.634.945.071.142.650;;;;/contenido/entidadesYorganismos/TemplosOtrasReligiones; 
7064948;Iglesia Evangélica Pentecostal Amistad Cristiana;Templo evangélico;;;Metro: Canal (línea 2, 7), Quevedo (2)  Bus: 2, 12;;3;http://www.madrid.es/sites/v/index.jsp?vgnextchannel=bfa48ab43d6bb410VgnVCM100000171f5a0aRCRD&vgnextoid=64f10ac0dfc50410VgnVCM2000000c205a0aRCRD;VALLEHERMOSO;CALLE;V;70;;;;;MADRID;MADRID;28015;ARAPILES;CHAMBERI;439929;4476531;40.437.256.742.788.900;-3.708.286.842.692.640;;;;/contenido/entidadesYorganismos/TemplosOtrasReligiones; 
18304;Iglesia Evangélica Pentecostal Bethel;Templo evangélico;;;Metro: Marqués de Vadillo (línea 5)  Bus: 23, 116;;3;http://www.madrid.es/sites/v/index.jsp?vgnextchannel=bfa48ab43d6bb410VgnVCM100000171f5a0aRCRD&vgnextoid=a2cf6f065851c010VgnVCM2000000c205a0aRCRD;FERNANDO DIAZ DE MENDOZA;CALLE;NUM;3;;;;;MADRID;MADRID;28019;COMILLAS;CARABANCHEL;439488;4471762;4.039.425.444.284.570;-37.130.323.684.423.100;;;;/contenido/entidadesYorganismos/TemplosOtrasReligiones; 
11028417;Iglesia Evangélica Pentecostal Misión 1909;Templo evangélico;;;Metro: Urgel (línea 5)  Bus: 118, 119, 34, 35;;3;http://www.madrid.es/sites/v/index.jsp?vgnextchannel=bfa48ab43d6bb410VgnVCM100000171f5a0aRCRD&vgnextoid=26e703ce1ec6d610VgnVCM1000001d4a900aRCRD;VIRGEN DE BELEN;CALLE;V;42;BAJO;;;;MADRID;MADRID;28019;OPAÑEL;CARABANCHEL;438781;4471349;40.390.490.853.232.600;-3.721.308.792.690.410;;;;/contenido/entidadesYorganismos/TemplosOtrasReligiones; 
7063715;Iglesia Evangélica Pentecostal Salem;;;;Bus: 155;;3;http://www.madrid.es/sites/v/index.jsp?vgnextchannel=bfa48ab43d6bb410VgnVCM100000171f5a0aRCRD&vgnextoid=6fb1e44317350410VgnVCM2000000c205a0aRCRD;CIDRO;CALLE;V;8;;;;;MADRID;MADRID;28044;BUENAVISTA;CARABANCHEL;436652;4468857;4.036.788.312.377.920;-37.461.462.154.794.500;;;;/contenido/entidadesYorganismos/TemplosOtrasReligiones; 
7065603;Iglesia Evangélica Pueblo Nuevo;Templo evangélico;;;Metro: Vicálvaro (línea 9)  Bus: 4, 100, 106, E3;;3;http://www.madrid.es/sites/v/index.jsp?vgnextchannel=bfa48ab43d6bb410VgnVCM100000171f5a0aRCRD&vgnextoid=d6adfe5dfad50410VgnVCM2000000c205a0aRCRD;VILLACARLOS;CALLE;V;14;;;;;MADRID;MADRID;28032;CASCO H.VICALVARO;VICALVARO;448561;4472995;40.405.980.938.654.000;-36.062.299.408.865.400;;;;/contenido/entidadesYorganismos/TemplosOtrasReligiones; 
11028554;Iglesia Evangélica Servidores de Vida;Templo evangélico;;;Metro: Vista Alegre (línea 5)  Bus: 35;;3;http://www.madrid.es/sites/v/index.jsp?vgnextchannel=bfa48ab43d6bb410VgnVCM100000171f5a0aRCRD&vgnextoid=9069fadc26d6d610VgnVCM1000001d4a900aRCRD;CASTROJERIZ;CALLE;V;8;;;;;MADRID;MADRID;28025;VISTA ALEGRE;CARABANCHEL;437276;4471003;40.387.266.618.692.300;-3.738.996.818.463.830;;;;/contenido/entidadesYorganismos/TemplosOtrasReligiones; 
7065052;Iglesia Evangelio Cuadrangular Vida Nueva Usera;Templo evangélico;;;Metro: Usera (línea 6)  Bus: 247, 47, 6, 78, 23, 18, 22, 59, 76, 79, 85, 86;;3;http://www.madrid.es/sites/v/index.jsp?vgnextchannel=bfa48ab43d6bb410VgnVCM100000171f5a0aRCRD&vgnextoid=db313ddd32d50410VgnVCM2000000c205a0aRCRD;MONEDEROS;CALLE;V;22;;;;;MADRID;MADRID;28026;MOSCARDO;USERA;440451;4471016;40.387.603.572.276.100;-37.016.044.995.191.400;;;;/contenido/entidadesYorganismos/TemplosOtrasReligiones; 
11028542;Iglesia Gloria de Dios;Templo evangélico;;;Metro: Campamento (línea 5)  Bus: 131;;3;http://www.madrid.es/sites/v/index.jsp?vgnextchannel=bfa48ab43d6bb410VgnVCM100000171f5a0aRCRD&vgnextoid=1367af9c53d6d610VgnVCM1000001d4a900aRCRD;MAQUEDA;CALLE;V;30;;;;LOCAL 60;MADRID;MADRID;28024;ALUCHE;LATINA;435057;4471713;4.039.349.551.141.010;-37.652.131.230.219.600;;;;/contenido/entidadesYorganismos/TemplosOtrasReligiones; 
7065841;Iglesia Internacional Alianza de Amor;Templo evangélico;;;Bus: 116;;3;http://www.madrid.es/sites/v/index.jsp?vgnextchannel=bfa48ab43d6bb410VgnVCM100000171f5a0aRCRD&vgnextoid=3f915ac33d160410VgnVCM2000000c205a0aRCRD;ANTONIO GONZALEZ PORRAS;CALLE;V;25;;;;;MADRID;MADRID;28019;OPAÑEL;CARABANCHEL;439074;4471366;4.039.066.598.347.710;-37.178.606.509.833.800;;;;/contenido/entidadesYorganismos/TemplosOtrasReligiones; 
11028547;Iglesia Jesús es el Maestro;Templo evangélico;;;Metro: Lucero (línea 6)  Bus: 138, 31;;3;http://www.madrid.es/sites/v/index.jsp?vgnextchannel=bfa48ab43d6bb410VgnVCM100000171f5a0aRCRD&vgnextoid=bfe8fadc26d6d610VgnVCM1000001d4a900aRCRD;ALEJANDRINA MORAN;CALLE;V;24;;;;;MADRID;MADRID;28047;LUCERO;LATINA;436606;4472696;4.040.246.457.556.400;-37.470.680.018.458.100;;;;/contenido/entidadesYorganismos/TemplosOtrasReligiones; 
11431592;Iglesia Ministerio Belem;Templo evangélico;;;Metro: Vista Alegre (línea 5)  Bus: 55;;3;http://www.madrid.es/sites/v/index.jsp?vgnextchannel=bfa48ab43d6bb410VgnVCM100000171f5a0aRCRD&vgnextoid=b7528000baa7a710VgnVCM1000001d4a900aRCRD;GAVIOTA;CALLE;V;55;1;;;;MADRID;MADRID;28025;VISTA ALEGRE;CARABANCHEL;437321;4471142;40.388.519.366.018.600;-37.384.836.194.997.300;;;;/contenido/entidadesYorganismos/TemplosOtrasReligiones; 
11431597;Iglesia Ministerio Denuedo;Templo evangélico;;;Metro: Abrantes (línea 11)  Bus: 247, 118;;3;http://www.madrid.es/sites/v/index.jsp?vgnextchannel=bfa48ab43d6bb410VgnVCM100000171f5a0aRCRD&vgnextoid=5db28000baa7a710VgnVCM1000001d4a900aRCRD;MINEROS;CALLE;V;12;1;;;;MADRID;MADRID;28025;ABRANTES;CARABANCHEL;438153;4470510;4.038.288.913.614.370;-37.286.284.347.044.300;;;;/contenido/entidadesYorganismos/TemplosOtrasReligiones; 
11028550;Iglesia Punto de Encuentro;Templo evangélico;;;Bus: 79;;3;http://www.madrid.es/sites/v/index.jsp?vgnextchannel=bfa48ab43d6bb410VgnVCM100000171f5a0aRCRD&vgnextoid=6129fadc26d6d610VgnVCM1000001d4a900aRCRD;RESINA;CALLE;V;13;1;Nave 11;;;MADRID;MADRID;28021;VILLAVERDE ALTO C.H.;VILLAVERDE;440712;4465270;4.033.587.371.620.530;-3.697.986.972.585.750;;;;/contenido/entidadesYorganismos/TemplosOtrasReligiones; 
7065918;Iglesia Templo de Dios;Templo evangélico;;;Metro: Urgel (línea 5)  Bus: 34, 35, 118, 119;;3;http://www.madrid.es/sites/v/index.jsp?vgnextchannel=bfa48ab43d6bb410VgnVCM100000171f5a0aRCRD&vgnextoid=c70bf181df160410VgnVCM2000000c205a0aRCRD;"MARQUESA DE ARG&amp;Uuml;ESO";CALLE;V;22;;;;;MADRID;MADRID;28019;OPAÑEL;CARABANCHEL;438567;4471460;40.391.475.542.527.600;-37.238.429.956.192.000;;;;/contenido/entidadesYorganismos/TemplosOtrasReligiones; 
11431653;Ministerio Bautista Internacional Madrid;Templo evangélico;;;Metro: Ascao (línea 7)  Bus: 28;;3;http://www.madrid.es/sites/v/index.jsp?vgnextchannel=bfa48ab43d6bb410VgnVCM100000171f5a0aRCRD&vgnextoid=e0f48000baa7a710VgnVCM1000001d4a900aRCRD;ASCAO;CALLE;V;62;;LOCAL;;;MADRID;MADRID;28017;PUEBLO NUEVO;CIUDAD LINEAL;445899;4475833;4.043.138.416.943.830;-3.637.828.569.222.940;;;;/contenido/entidadesYorganismos/TemplosOtrasReligiones; 
11431601;Ministerio Pastoral Misionero por amor  su Cruz;Templo evangélico;;;Metro: Tetuán (línea 1)  Bus: 11;;3;http://www.madrid.es/sites/v/index.jsp?vgnextchannel=bfa48ab43d6bb410VgnVCM100000171f5a0aRCRD&vgnextoid=9e138000baa7a710VgnVCM1000001d4a900aRCRD;ALGODONALES;CALLE;V;40;BAJO EXTERIOR;;;;MADRID;MADRID;28039;BERRUGUETE;TETUAN;440440;4479191;4.046.125.519.480.650;-3.702.498.292.533.960;;;;/contenido/entidadesYorganismos/TemplosOtrasReligiones; 
11030093;Misión Evangélica Urbana;Templo evangélico;;;Metro: Antón Martín, Tirso de Molina (línea 1)  Bus: M1  Bicimad: Estación 43 (calle Lavapiés, 34);;3;http://www.madrid.es/sites/v/index.jsp?vgnextchannel=bfa48ab43d6bb410VgnVCM100000171f5a0aRCRD&vgnextoid=bb62be0e48e6d610VgnVCM2000001f4a900aRCRD;CALVARIO;CALLE;V;12;;;;;MADRID;MADRID;28012;EMBAJADORES;CENTRO;440415;4473663;4.041.145.685.017.250;-3.702.266.928.516.730;;;;/contenido/entidadesYorganismos/TemplosOtrasReligiones; 
11030099;Nuevas Fronteras Madrid;Templo evangélico;;;Metro: Valdezarza (línea 7)  Bus: 126;;3;http://www.madrid.es/sites/v/index.jsp?vgnextchannel=bfa48ab43d6bb410VgnVCM100000171f5a0aRCRD&vgnextoid=06a2be0e48e6d610VgnVCM2000001f4a900aRCRD;VALLE DE CACHEMIRA;CALLE;V;28;;;;;MADRID;MADRID;28039;VALDEZARZA;MONCLOA-ARAVACA;439515;4479747;40.466.201.838.360.900;-3.713.456.156.309.850;;;;/contenido/entidadesYorganismos/TemplosOtrasReligiones; 
3742;Primera Iglesia Evangélica Bautista de Madrid;Templo evangélico;;;Metro: Palos de la Frontera (línea 3)  Bus: 8, 47, 55, 102, 247  Renfe: Atocha;;3;http://www.madrid.es/sites/v/index.jsp?vgnextchannel=bfa48ab43d6bb410VgnVCM100000171f5a0aRCRD&vgnextoid=ede51e79ee71c010VgnVCM1000000b205a0aRCRD;GENERAL LACY;CALLE;V;18;;;;;MADRID;MADRID;28045;PALOS DE MOGUER;ARGANZUELA;441371;4472783;40.403.586.898.197.800;-3.690.928.534.913.430;;;;/contenido/entidadesYorganismos/TemplosOtrasReligiones; 
11431636;Sociedad Bíblica;Templo evangélico;;;Metro: Palos de la Frontera (línea 3)  Bus: 102, 8;;3;http://www.madrid.es/sites/v/index.jsp?vgnextchannel=bfa48ab43d6bb410VgnVCM100000171f5a0aRCRD&vgnextoid=92148000baa7a710VgnVCM1000001d4a900aRCRD;GENERAL LACY;CALLE;V;7;;;;;MADRID;MADRID;28045;PALOS DE MOGUER;ARGANZUELA;441405;4472778;40.403.559.497.921.700;-36.905.269.925.378.800;;;;/contenido/entidadesYorganismos/TemplosOtrasReligiones; 
189403;Testigos Cristianos de Jehová. Avenida de Moratalaz;;;;Metro: Artilleros (línea 9)  Bus: 32;;3;http://www.madrid.es/sites/v/index.jsp?vgnextchannel=bfa48ab43d6bb410VgnVCM100000171f5a0aRCRD&vgnextoid=3104784e0cc4f010VgnVCM2000000c205a0aRCRD;MORATALAZ;AVENIDA;V;143;;;;local 12;MADRID;MADRID;28030;MARROQUINA;MORATALAZ;445011;4473146;4.040.711.568.603.650;-36.480.628.737.257.100;;;;/contenido/entidadesYorganismos/TemplosOtrasReligiones; 
189353;Testigos Cristianos de Jehová. Calle Arroyo;;;;Metro: Ventilla (línea 9)  Bus: 49, 177;;3;http://www.madrid.es/sites/v/index.jsp?vgnextchannel=bfa48ab43d6bb410VgnVCM100000171f5a0aRCRD&vgnextoid=a823784e0cc4f010VgnVCM2000000c205a0aRCRD;ARROYO;CALLE;V;23;BAJA;;;;MADRID;MADRID;28029;VALDEACEDERAS;TETUAN;440445;4480138;4.046.978.728.598.970;-37.025.298.582.429.600;;;;/contenido/entidadesYorganismos/TemplosOtrasReligiones; 
189354;Testigos Cristianos de Jehová. Calle Artistas;;;;Metro: Cuatro Caminos (líneas 1, 2, 6)  Bus: 149, C2, C1, 66, 124  Bicimad: Estación 123 (calle Raimundo Fernández Villaverde, 33);;3;http://www.madrid.es/sites/v/index.jsp?vgnextchannel=bfa48ab43d6bb410VgnVCM100000171f5a0aRCRD&vgnextoid=0e33784e0cc4f010VgnVCM2000000c205a0aRCRD;ARTISTAS;CALLE;V;22;BAJO;A;;;MADRID;MADRID;28020;CUATRO CAMINOS;TETUAN;440510;4477640;4.044.728.893.529.120;-37.015.290.370.510.400;;;;/contenido/entidadesYorganismos/TemplosOtrasReligiones; 
5713730;Testigos Cristianos de Jehová. Calle Carrascales;;;;Metro: Usera (línea 6)  Bus: 6;;3;http://www.madrid.es/sites/v/index.jsp?vgnextchannel=bfa48ab43d6bb410VgnVCM100000171f5a0aRCRD&vgnextoid=13c13b49d7619210VgnVCM2000000c205a0aRCRD;CARRASCALES;CALLE;V;12;BAJA;1 derecha;;;MADRID;MADRID;28026;PRADOLONGO;USERA;439885;4470346;4.038.152.721.787.890;-37.082.093.955.604.000;;;;/contenido/entidadesYorganismos/TemplosOtrasReligiones; 
189389;Testigos Cristianos de Jehová. Calle Chantada;;;;Metro: Peñagrande (línea 7)  Bus: Línea 42;;3;http://www.madrid.es/sites/v/index.jsp?vgnextchannel=bfa48ab43d6bb410VgnVCM100000171f5a0aRCRD&vgnextoid=f493784e0cc4f010VgnVCM2000000c205a0aRCRD;CHANTADA;CALLE;V;41;;LOCAL 6;;y 43;MADRID;MADRID;28035;PEÑA GRANDE;FUENCARRAL-EL PARDO;439292;4480499;4.047.295.576.678.730;-37.161.763.610.140.800;;;;/contenido/entidadesYorganismos/TemplosOtrasReligiones; 
189398;Testigos Cristianos de Jehová. Calle Doctor Gómez Ulla;;;;Metro: Manuel Becerra (líneas 2, 6)  Bus: 106, 110, 146, 21, 210, 38, 53, 12, 43, 56, C2, E5;;3;http://www.madrid.es/sites/v/index.jsp?vgnextchannel=bfa48ab43d6bb410VgnVCM100000171f5a0aRCRD&vgnextoid=11c3784e0cc4f010VgnVCM2000000c205a0aRCRD;DOCTOR GÓMEZ ULLA;CALLE;V;16;BAJA;IZQUIERDA;;;MADRID;MADRID;28028;GUINDALERA;SALAMANCA;443381;4475697;404.299.768.268.144;-3.667.513.892.714.280;;;;/contenido/entidadesYorganismos/TemplosOtrasReligiones; 
189402;Testigos Cristianos de Jehová. Calle Guamo;;;;Metro: San Lorenzo (línea 4)  Bus: 72, T11;;3;http://www.madrid.es/sites/v/index.jsp?vgnextchannel=bfa48ab43d6bb410VgnVCM100000171f5a0aRCRD&vgnextoid=dbe3784e0cc4f010VgnVCM2000000c205a0aRCRD;GUAMO;CALLE;V;2;BAJA;LOCAL 1 BIS;;y 6;MADRID;MADRID;28033;PINAR DEL REY;HORTALEZA;446342;4480387;40.472.423.257.425.900;-36.329.921.848.042.200;;;;/contenido/entidadesYorganismos/TemplosOtrasReligiones; 
189356;Testigos Cristianos de Jehová. Calle Hilario Sangrador;;;;Bus: 31, 33, 36, 39, 65    Metro: Alto de Extremadura (línea 6);;3;http://www.madrid.es/sites/v/index.jsp?vgnextchannel=bfa48ab43d6bb410VgnVCM100000171f5a0aRCRD&vgnextoid=1673784e0cc4f010VgnVCM2000000c205a0aRCRD;HILARIO SANGRADOR;CALLE;V;8;BAJA;;;IZQUIERDA;MADRID;MADRID;28011;LUCERO;LATINA;437000;4473304;40.407.960.942.737.900;-37.424.991.074.388.700;;;;/contenido/entidadesYorganismos/TemplosOtrasReligiones; 
11432581;Testigos Cristianos de Jehová. Calle Ignacio Ellacuría;;;;Metro: El Carmen (línea 5)  Bus: 106, 110, 210;;3;http://www.madrid.es/sites/v/index.jsp?vgnextchannel=bfa48ab43d6bb410VgnVCM100000171f5a0aRCRD&vgnextoid=97cd71649908a710VgnVCM1000001d4a900aRCRD;IGNACIO ELLACURIA;CALLE;V;3;;7;;;MADRID;MADRID;28017;VENTAS;CIUDAD LINEAL;444280;4475590;4.042.908.868.520.630;-36.568.904.225.379.000;;;;/contenido/entidadesYorganismos/TemplosOtrasReligiones; 
189404;Testigos Cristianos de Jehová. Calle Jacobinia;;;;Bus: 121, 131, 139    Metro: Carabanchel Alto (línea 11);;3;http://www.madrid.es/sites/v/index.jsp?vgnextchannel=bfa48ab43d6bb410VgnVCM100000171f5a0aRCRD&vgnextoid=9614784e0cc4f010VgnVCM2000000c205a0aRCRD;JACOBINIA;CALLE;V;70;;;;;MADRID;MADRID;28047;VISTA ALEGRE;CARABANCHEL;436009;4469937;40.377.563.130.203.500;-37.538.276.002.522.400;;;;/contenido/entidadesYorganismos/TemplosOtrasReligiones; 
5713929;Testigos Cristianos de Jehová. Calle Las Pedroñeras;;;;Bus: 104, 171, T11;;3;http://www.madrid.es/sites/v/index.jsp?vgnextchannel=bfa48ab43d6bb410VgnVCM100000171f5a0aRCRD&vgnextoid=2ae45159bd619210VgnVCM2000000c205a0aRCRD;"LAS PEDRO&amp;Ntilde;ERAS";CALLE;V;46;;LOCAL;;;MADRID;MADRID;28043;CANILLAS;HORTALEZA;446516;4479828;4.046.740.772.482.650;-3.630.892.617.916.540;;;;/contenido/entidadesYorganismos/TemplosOtrasReligiones; 
5713667;Testigos Cristianos de Jehová. Calle Luis Ruiz;;;;Metro: García Noblejas (línea 7)  Bus: 28;;3;http://www.madrid.es/sites/v/index.jsp?vgnextchannel=bfa48ab43d6bb410VgnVCM100000171f5a0aRCRD&vgnextoid=c9a65068d6619210VgnVCM2000000c205a0aRCRD;LUIS RUIZ;CALLE;V;75;;PUERTA 19;;;MADRID;MADRID;28017;PUEBLO NUEVO;CIUDAD LINEAL;446046;4475461;404.280.279.977.347;-36.360.652.956.995.000;;;;/contenido/entidadesYorganismos/TemplosOtrasReligiones; 
189415;Testigos Cristianos de Jehová. Calle Marcudos;;;;Metro: Usera (línea 6)  Bus: 23, 6, 78, 247, 47  Bicimad: Estación 213 (calle Antonio López, 129);;3;http://www.madrid.es/sites/v/index.jsp?vgnextchannel=bfa48ab43d6bb410VgnVCM100000171f5a0aRCRD&vgnextoid=1c64784e0cc4f010VgnVCM2000000c205a0aRCRD;MARCUDOS;CALLE;V;4;BAJO;3;;;MADRID;MADRID;28026;MOSCARDO;USERA;440442;4471118;4.038.853.080.646.350;-3.701.720.159.931.240;;;;/contenido/entidadesYorganismos/TemplosOtrasReligiones; 
189957;Testigos Cristianos de Jehová. Calle Martín de Vargas;;;;Metro: Embajadores (línea 3), Acacias (línea 5)  Bus: 148, 60, 78  Renfe: Embajadores (C5);;3;http://www.madrid.es/sites/v/index.jsp?vgnextchannel=bfa48ab43d6bb410VgnVCM100000171f5a0aRCRD&vgnextoid=d0ea6dd8f677f010VgnVCM2000000c205a0aRCRD;MARTIN DE VARGAS;CALLE;V;26;BAJA;;;IZQUIERDA;MADRID;MADRID;28005;ACACIAS;ARGANZUELA;440454;4472663;4.040.244.073.010.040;-3.701.734.952.593.740;;;;/contenido/entidadesYorganismos/TemplosOtrasReligiones; 
11432584;Testigos Cristianos de Jehová. Calle Martín Martínez;;;;Metro: Alfonso XIII (línea 4)  Bus: 73, 9;;3;http://www.madrid.es/sites/v/index.jsp?vgnextchannel=bfa48ab43d6bb410VgnVCM100000171f5a0aRCRD&vgnextoid=d9fe71649908a710VgnVCM1000001d4a900aRCRD;MARTIN MARTINEZ;CALLE;V;4;BAJA;;;;MADRID;MADRID;28002;CIUDAD JARDIN;CHAMARTIN;442958;4477570;40.446.837.359.952.900;-36.726.508.650.238.000;;;;/contenido/entidadesYorganismos/TemplosOtrasReligiones; 
189410;Testigos Cristianos de Jehová. Calle Puerto de Pozazal;;;Tres auditorios;Bus: 130, T31    Renfe: Vallecas (C2)    Metro: Sierra de Guadalupe (línea 1);;3;http://www.madrid.es/sites/v/index.jsp?vgnextchannel=bfa48ab43d6bb410VgnVCM100000171f5a0aRCRD&vgnextoid=458e813cbcc4f010VgnVCM1000000b205a0aRCRD;PUERTO DE POZAZAL;CALLE;V;1;BAJA;;;;MADRID;MADRID;28031;CASCO H.VALLECAS;VILLA DE VALLECAS;446712;4470267;4.037.941.728.069.030;-36.290.579.482.359.900;;;;/contenido/entidadesYorganismos/TemplosOtrasReligiones; 
189966;Testigos Cristianos de Jehová. Calle San Moisés;;;;Bus: 57, 103, 111, 144  Renfe: Asamblea de Madrid, Entrevías (C2);;3;http://www.madrid.es/sites/v/index.jsp?vgnextchannel=bfa48ab43d6bb410VgnVCM100000171f5a0aRCRD&vgnextoid=e73b6dd8f677f010VgnVCM2000000c205a0aRCRD;SAN MOISÉS;CALLE;V;39;BAJA;B;;;MADRID;MADRID;28018;SAN DIEGO;PUENTE DE VALLECAS;443504;4470379;40.382.077.738.308.300;-3.665.580.023.171.380;;;;/contenido/entidadesYorganismos/TemplosOtrasReligiones; 
11432588;Testigos Cristianos de Jehová. Calle Tembleque;;;;Metro: Empalme, Campamento (línea 4)  Bus: 25, 121, 138;;3;http://www.madrid.es/sites/v/index.jsp?vgnextchannel=bfa48ab43d6bb410VgnVCM100000171f5a0aRCRD&vgnextoid=4daf71649908a710VgnVCM1000001d4a900aRCRD;TEMBLEQUE;CALLE;V;64;BAJA;;;;MADRID;MADRID;28024;ALUCHE;LATINA;435476;4471898;40.395.189.097.488.800;-37.603.005.676.344.800;;;;/contenido/entidadesYorganismos/TemplosOtrasReligiones; 
189351;Testigos Cristianos de Jehová. Calle Venancio Martín;;;;Metro: Nueva Numancia (línea 1)  Bus: 141  Bicimad: Estación 226 (Camino de Valderribas, 94);;3;http://www.madrid.es/sites/v/index.jsp?vgnextchannel=bfa48ab43d6bb410VgnVCM100000171f5a0aRCRD&vgnextoid=2903784e0cc4f010VgnVCM2000000c205a0aRCRD;VENANCIO MARTIN;CALLE;V;19;;;;local 2;MADRID;MADRID;28038;NUMANCIA;PUENTE DE VALLECAS;443866;4472138;4.039.795.732.762.330;-36.614.706.779.617.700;;;;/contenido/entidadesYorganismos/TemplosOtrasReligiones; 
11431642;Unión De Mujeres Evangélicas UDME;Templo evangélico;;;Metro: Alfonso XIII  (línea 4)  Bus: 120, 43, 40, 72, 73, 9;;3;http://www.madrid.es/sites/v/index.jsp?vgnextchannel=bfa48ab43d6bb410VgnVCM100000171f5a0aRCRD&vgnextoid=cd448000baa7a710VgnVCM1000001d4a900aRCRD;GABRIEL Y GALAN;CALLE;V;26;;;;;MADRID;MADRID;28002;CIUDAD JARDIN;CHAMARTIN;443219;4478101;40.451.635.417.260.700;-3.669.617.649.841.100;;;;/contenido/entidadesYorganismos/TemplosOtrasReligiones;
